seed,method,late1000_return,final100_return,yield100,n100,irr100
11,DQN,909.042420266113,1030.3007958959956,9366.524024658203,260.8,220.68
22,DQN,826.1432959084469,879.2919827001948,8388.810017089843,221.2,246.24
33,DQN,840.6620337138668,931.4591428710936,8734.526220703125,205.6,255.24
44,DQN,835.871816347717,778.3407304040525,7894.688167114258,212.4,270.9
55,DQN,881.0252210047604,1102.430641816406,9797.193935546877,242.8,228.3
11,Dueling,869.3310109991451,943.6892089746092,8876.817778320312,255.2,233.04
22,Dueling,915.1457759543454,1039.2876605322265,9240.79531982422,246.8,204.42
33,Dueling,806.5603762241207,1048.958087441406,9403.646123046876,253.6,211.26
44,Dueling,911.6627974713437,973.0419244335936,8974.872939453126,229.6,239.52
55,Dueling,850.1695892373654,957.229502177734,8907.693051757813,236.0,236.04
11,Uniform,889.3148425234373,1104.7213164501952,9860.793142089844,265.2,220.62
22,Uniform,845.0911327348629,936.327594750976,8591.95946044922,248.8,203.46
33,Uniform,925.1904711251524,1159.653991162109,10083.139184570313,232.0,224.4
44,Uniform,866.2428828337397,1092.790655878906,9720.624404296876,239.2,229.14
55,Uniform,855.3192401354977,990.5766542626948,9227.611735839844,254.4,238.14
11,Naive,922.730328314697,1028.2933250878905,9225.552690429688,262.8,200.34
22,Naive,840.8919887410274,849.7909973437497,8189.107578125,217.2,245.1
33,Naive,711.868481705932,785.5988780273433,8249.752392578124,282.4,266.04
44,Naive,800.081419254028,1002.2590163427732,9263.79124267578,237.2,248.34
55,Naive,589.8443302895504,724.1634758740229,7618.680227050781,246.4,255.18
11,Anchored,907.9806905244136,1011.8672138354492,9124.69122680664,262.0,201.96
22,Anchored,886.3048540364379,826.878312779541,7740.8753973388675,226.0,196.2
33,Anchored,906.4137621101374,1074.9707645166015,9465.333952636718,222.4,219.36
44,Anchored,852.0793080046383,968.814363974609,8899.040278320312,232.4,228.36
55,Anchored,861.3125815291744,1101.1521447851558,9776.823701171876,249.2,222.54
