cohort,seed,td3_1m,amaf_1m,delta_1m,td3_1p5m,amaf_1p5m,terminal_delta,td3_gain,amaf_gain,gain_delta,last5_delta,last10_delta,auc_delta
original5,11,11436.560591381549,9101.573491108573,-2334.987100272976,12099.092926200552,10524.91462325754,-1574.1783029430117,662.532334819005,1423.3411321489675,760.8087973299625,-1923.804929800448,-1998.4930760437637,-1895.857862199421
original5,22,11351.39574941624,9848.183233498336,-1503.212515917905,12513.031309718328,12715.963585068388,202.93227535006008,1161.6355603020893,2867.7803515700507,1706.1447912679614,313.7657477329485,211.36779830744672,-1088.3342455019574
original5,33,10345.147359505918,10375.778739757054,30.63138025113585,11140.27050308256,12236.89516518736,1096.6246621047994,795.1231435766422,1861.1164254303055,1065.9932818536633,888.1293909442556,804.9379727019841,121.21732247228829
original5,44,10936.48789658602,11134.881879655964,198.39398306994372,11691.411110691975,12117.204764604485,425.7936539125094,754.9232141059547,982.3228849485204,227.39967084256568,493.32541786617185,368.4539896904171,632.6635781597433
original5,55,9042.20271935035,10918.662073302668,1876.4593539523175,11113.191738949454,12639.33711030551,1526.1453713560568,2070.989019599103,1720.675037002842,-350.313982596261,1475.8708104444959,1403.7799024957749,1613.7338000638392
replication5,66,10734.47986413828,11086.156612552875,351.67674841459484,11215.854162545877,11846.390645626878,630.5364830810013,481.37429840759614,760.2340330740026,278.85973466640644,-148.5596049690048,-101.28711338845824,585.4120240525863
replication5,77,11123.82775344292,7906.390195558098,-3217.437557884822,12424.84368259827,8678.226623775312,-3746.617058822958,1301.01592915535,771.8364282172142,-529.1795009381358,-3686.70974031884,-3580.8593974492687,-3102.5292710543863
replication5,88,8660.91938368678,9627.54740444209,966.62802075531,9809.115522740229,10789.522789100858,980.4072663606294,1148.1961390534489,1161.9753846587682,13.779245605319375,882.7270684525229,803.2482702010911,1176.416446507652
replication5,99,10884.591665308462,11333.664272823346,449.0726075148832,11306.946718446772,12283.11025119451,976.1635327477379,422.3550531383098,949.4459783711644,527.0909252328546,829.8835488699151,855.2128361214491,121.14389203223618
replication5,111,10526.112210080357,10644.782539585378,118.67032950502107,11454.855133781257,11624.259350112095,169.4042163308386,928.7429237009,979.4768105267194,50.73388682581947,364.01212393689457,417.1530457752924,428.2823279399654
