seed,method,last5_return,retention_pct
11,DQN,250.81134930621187,89.00730558944112
22,DQN,246.0821710179528,87.73817739238504
33,DQN,208.91994763875044,78.17052469018195
44,DQN,82.67112651179704,30.189194109049627
55,DQN,238.9445199656749,85.12678614803359
66,DQN,274.2908437125154,97.5338733484002
77,DQN,210.3918760818349,78.37543603692399
88,DQN,249.38270831310987,90.5221739649245
99,DQN,240.37359597024155,86.62262283255748
111,DQN,229.8066676799536,88.05319084903567
11,Dueling,280.6221265880267,96.87094474424944
22,Dueling,266.1690990838307,94.63038428950726
33,Dueling,253.9270370716225,89.83049849002374
44,Dueling,233.50697866266592,83.080424746837
55,Dueling,247.60776309868237,87.57771878129387
66,Dueling,225.05047984198808,82.78638988073904
77,Dueling,284.99476779239257,99.73554204406716
88,Dueling,230.93813832564825,82.67672677526382
99,Dueling,-50.504086904016575,-39.18027636107857
111,Dueling,258.3259192110829,94.1116747458414
11,Uniform,252.6460630540436,88.89984261628227
22,Uniform,267.9223654560178,94.52249825120388
33,Uniform,234.25372011174687,82.51816074094178
44,Uniform,268.87228373354804,93.60283462083852
55,Uniform,243.5393787795601,87.26396925836295
66,Uniform,226.6765464292268,87.36809223345846
77,Uniform,236.8593803583338,84.38731897849767
88,Uniform,262.6543046624896,95.05545988384964
99,Uniform,280.43951127346315,98.59202647641918
111,Uniform,255.5265565145596,93.00306790090136
11,Naive,245.5276342614985,92.27459634027733
22,Naive,206.29141918538065,80.65016608734247
33,Naive,248.6872091156136,91.38926270017568
44,Naive,-94.14603024191334,-42.99072472744437
55,Naive,247.2553592080417,87.20624157571766
66,Naive,259.4920403106554,93.62810921674992
77,Naive,261.1450161961739,92.28609035423112
88,Naive,273.7151337871421,95.64835534750569
99,Naive,90.73084775187226,49.51416866024255
111,Naive,-105.41783655875908,-42.98405681382216
11,Protected,251.12225070561817,89.84569110843012
22,Protected,253.9454389767548,90.47788047842108
33,Protected,232.0492637857728,83.9811297602
44,Protected,276.21679562482217,98.62172253935285
55,Protected,201.0086770921727,74.24730561956714
66,Protected,265.542844348167,97.8292363158574
77,Protected,254.2665866810261,91.60389527049576
88,Protected,238.74102510532785,86.39670416716531
99,Protected,264.66570269773126,94.50892692172174
111,Protected,241.30669290839688,85.11818911902405
