row_type,cohort,seed,n,delta_1m,terminal_delta_1p5m,gain_delta,last5_delta,last10_delta,auc_delta,terminal_median,gain_median,terminal_ci_low,terminal_ci_high,gain_ci_low,gain_ci_high,terminal_wins,gain_wins
seed,original5,11,1,-2334.987100272976,-1574.1783029430117,760.8087973299625,-1923.804929800448,-1998.4930760437637,-1895.857862199421,-1574.1783029430117,760.8087973299625,-1574.1783029430117,-1574.1783029430117,760.8087973299625,760.8087973299625,0,1
seed,original5,22,1,-1503.212515917905,202.93227535006008,1706.1447912679614,313.7657477329485,211.36779830744672,-1088.3342455019574,202.93227535006008,1706.1447912679614,202.93227535006008,202.93227535006008,1706.1447912679614,1706.1447912679614,1,1
seed,original5,33,1,30.63138025113585,1096.6246621047994,1065.9932818536633,888.1293909442556,804.9379727019841,121.21732247228829,1096.6246621047994,1065.9932818536633,1096.6246621047994,1096.6246621047994,1065.9932818536633,1065.9932818536633,1,1
seed,original5,44,1,198.39398306994372,425.7936539125094,227.39967084256568,493.32541786617185,368.4539896904171,632.6635781597433,425.7936539125094,227.39967084256568,425.7936539125094,425.7936539125094,227.39967084256568,227.39967084256568,1,1
seed,original5,55,1,1876.4593539523175,1526.1453713560568,-350.313982596261,1475.8708104444959,1403.7799024957749,1613.7338000638392,1526.1453713560568,-350.313982596261,1526.1453713560568,1526.1453713560568,-350.313982596261,-350.313982596261,1,0
seed,replication5,66,1,351.67674841459484,630.5364830810013,278.85973466640644,-148.5596049690048,-101.28711338845824,585.4120240525863,630.5364830810013,278.85973466640644,630.5364830810013,630.5364830810013,278.85973466640644,278.85973466640644,1,1
seed,replication5,77,1,-3217.437557884822,-3746.617058822958,-529.1795009381358,-3686.70974031884,-3580.8593974492687,-3102.5292710543863,-3746.617058822958,-529.1795009381358,-3746.617058822958,-3746.617058822958,-529.1795009381358,-529.1795009381358,0,0
seed,replication5,88,1,966.62802075531,980.4072663606294,13.779245605319375,882.7270684525229,803.2482702010911,1176.416446507652,980.4072663606294,13.779245605319375,980.4072663606294,980.4072663606294,13.779245605319375,13.779245605319375,1,1
seed,replication5,99,1,449.0726075148832,976.1635327477379,527.0909252328546,829.8835488699151,855.2128361214491,121.14389203223618,976.1635327477379,527.0909252328546,976.1635327477379,976.1635327477379,527.0909252328546,527.0909252328546,1,1
seed,replication5,111,1,118.67032950502107,169.4042163308386,50.73388682581947,364.01212393689457,417.1530457752924,428.2823279399654,169.4042163308386,50.73388682581947,169.4042163308386,169.4042163308386,50.73388682581947,50.73388682581947,1,1
cohort_summary,original5,ALL,5,-346.5429797834968,335.4635319560828,682.0065117395785,249.45728743748478,158.00931743037182,-123.31548140110154,425.7936539125094,760.8087973299625,-684.5955942748351,1175.598610304606,60.97777217658349,1282.3654653000226,4,4
cohort_summary,replication5,ALL,5,-266.2779703390026,-198.02111206055014,68.25685827845282,-351.72932080570246,-321.3064717479789,-158.2549161043893,630.5364830810013,50.73388682581947,-2018.007938755481,908.7356162595472,-258.9799045085363,336.54810987004055,4,4
cohort_summary,combined10,ALL,10,-306.4104750612497,68.72120994776633,375.13168500901565,-51.13601668410884,-81.64857715880353,-140.78519875274543,528.1650684967553,253.12970275448606,-972.2089293194647,859.9215657717352,1.895906653194281,786.4818199397702,8,8
