environment,method,seed,source_dataset_id,n_heads,mean_entropy,normalized_entropy,effective_heads,mean_max_weight,dominant_head_fraction,dominant_tie_fraction,head_switch_rate,n_switch_transitions,reference_or_null_weight_mean,n_observations,n_total_observations,invalid_gate_rows,invalid_gate_rate,head0_mean_gate_weight,head1_mean_gate_weight,head2_mean_gate_weight,head3_mean_gate_weight,router_mean_entropy,router_normalized_entropy,router_effective_heads,router_mean_max_weight,router_dominant_head_fraction,router_dominant_tie_fraction,router_switch_rate,router_n_observations,router_invalid_rows
Crop,Anchored,11,crop_anchored_primary_frozen,3,1.0674146252408747,0.971602662969429,2.9239379815728332,0.4190654357274373,1.0,0.0,0.0,119,0.8714006079904114,120,120,0,0.0,0.2904669622684499,0.2904676339382907,0.4190654357274373,,2.5836651168854736e-05,2.3517533378565712e-05,1.0000258767445458,0.9999972313642502,1.0,0.0,0.0,120,0
Crop,Anchored,22,crop_anchored_primary_frozen,3,1.081869897631955,0.9847604189313663,2.9674145406229564,0.3471846655011177,0.9916666666666667,0.0,0.01680672268907563,119,0.9792189261062322,120,120,0,0.0,0.34714748362700143,0.32640631852894636,0.32644622644632665,,0.0019197121279603958,0.0017473972827008308,1.0021573391173932,0.9994912430644035,0.9916666666666667,0.0,0.01680672268907563,120,0
Crop,Anchored,33,crop_anchored_primary_frozen,3,1.094558628770193,0.9963101997495118,2.988725011125198,0.3459773361682892,0.625,0.0,0.12605042016806722,119,0.9756970134783677,120,120,0,0.0,0.33678941850860916,0.33790770123402275,0.32530290546516577,,0.03623370669313455,0.032981341158182444,1.046657581831157,0.9853464563687643,0.625,0.0,0.12605042016806722,120,0
Crop,Anchored,44,crop_anchored_primary_frozen,3,1.0872346732458524,0.989643648137187,2.976173372671805,0.3577071043352286,0.775,0.0,0.008403361344537815,119,0.9634007994390582,120,120,0,0.0,0.35621537392338115,0.3226357933560697,0.3211488598763632,,0.0018121549166684556,0.0016494944898763158,1.001924568330716,0.9996219004193941,0.775,0.0,0.008403361344537815,120,0
Crop,Anchored,55,crop_anchored_primary_frozen,3,1.0747723648570342,0.978299966187364,2.9498991895637743,0.38759966293970743,1.0,0.0,0.0,119,0.9186003214667532,120,120,0,0.0,0.30620014642712096,0.3062002221746904,0.38759966293970743,,7.229458978868625e-06,6.5805371498558225e-06,1.0000072325957905,0.9999993403752645,1.0,0.0,0.0,120,0
Crop,Naive,11,crop_baseline_primary_frozen,3,2.2333153770694055e-05,2.0328512616374786e-05,1.0000223631067078,0.9999976441264152,1.0,0.0,0.0,119,,120,120,0,0.0,2.2019360888715788e-07,2.135137523655565e-06,0.9999976441264152,,,,,,,,,0,0
Crop,Naive,22,crop_baseline_primary_frozen,3,9.339529745924671e-07,8.501206332988814e-07,1.0000009340053126,0.9999999264876048,1.0,0.0,0.0,119,,120,120,0,0.0,0.9999999264876048,1.608230289681008e-10,7.370261603992642e-08,,,,,,,,,0,0
Crop,Naive,33,crop_baseline_primary_frozen,3,0.3087164138763393,0.28100578981380975,1.4204064446829174,0.8834534605344136,0.925,0.0,0.07563025210084033,119,,120,120,0,0.0,0.8388502321361254,0.0577896197203458,0.1033601531210493,,,,,,,,,0,0
Crop,Naive,44,crop_baseline_primary_frozen,3,0.15217610282274224,0.13851665814445902,1.1917462021418792,0.9409495527545612,0.9583333333333334,0.0,0.08403361344537816,119,,120,120,0,0.0,0.9184291068154077,4.772695816087446e-05,0.08152316800632976,,,,,,,,,0,0
Crop,Naive,55,crop_baseline_primary_frozen,3,0.03446589322425313,0.031372207993447324,1.0412751360369858,0.9889065638184548,0.9666666666666667,0.0,0.05042016806722689,119,,120,120,0,0.0,0.03388534165697413,0.0014887370712743722,0.9646259233933051,,,,,,,,,0,0
Crop,Uniform,11,crop_baseline_primary_frozen,3,1.0986122916069847,1.0000000026750793,3.000000008816625,0.3333333432674408,0.0,1.0,,0,,120,120,0,0.0,0.3333333432674408,0.3333333432674408,0.3333333432674408,,,,,,,,,0,0
Crop,Uniform,22,crop_baseline_primary_frozen,3,1.0986122916069847,1.0000000026750793,3.000000008816625,0.3333333432674408,0.0,1.0,,0,,120,120,0,0.0,0.3333333432674408,0.3333333432674408,0.3333333432674408,,,,,,,,,0,0
Crop,Uniform,33,crop_baseline_primary_frozen,3,1.0986122916069847,1.0000000026750793,3.000000008816625,0.3333333432674408,0.0,1.0,,0,,120,120,0,0.0,0.3333333432674408,0.3333333432674408,0.3333333432674408,,,,,,,,,0,0
Crop,Uniform,44,crop_baseline_primary_frozen,3,1.0986122916069847,1.0000000026750793,3.000000008816625,0.3333333432674408,0.0,1.0,,0,,120,120,0,0.0,0.3333333432674408,0.3333333432674408,0.3333333432674408,,,,,,,,,0,0
Crop,Uniform,55,crop_baseline_primary_frozen,3,1.0986122916069847,1.0000000026750793,3.000000008816625,0.3333333432674408,0.0,1.0,,0,,120,120,0,0.0,0.3333333432674408,0.3333333432674408,0.3333333432674408,,,,,,,,,0,0
HalfCheetah,AMAF,11,halfcheetah_primary_frozen,4,0.31365058404673524,0.22625107108807602,1.4634975551441516,0.869282741530412,0.5918367346938775,0.013605442176870748,0.5416666666666666,144,,147,150,3,0.02,0.5862416077407681,0.2592460085983344,0.0807804958043781,0.0737318804863947,,,,,,,,0,0
HalfCheetah,AMAF,22,halfcheetah_primary_frozen,4,0.19989749783145916,0.14419556440377923,1.2850332219345326,0.91619572083422,0.4161073825503356,0.013422818791946308,0.6506849315068494,146,,149,150,1,0.006666666666666667,0.05186138917237291,0.2412009311946261,0.417785508679955,0.2891521397548257,,,,,,,,0,0
HalfCheetah,AMAF,33,halfcheetah_primary_frozen,4,0.2761364121144728,0.19919031618321054,1.4019513716499907,0.8874286234378814,0.664,0.016,0.4098360655737705,122,,125,150,25,0.16666666666666666,0.050138443291149526,0.0752489195112427,0.6481540724403573,0.22645928595853795,,,,,,,,0,0
HalfCheetah,AMAF,44,halfcheetah_primary_frozen,4,0.21660087860626104,0.15624450670872259,1.3072559659081804,0.9169032609129285,0.5244755244755245,0.013986013986013986,0.5785714285714286,140,,143,150,7,0.04666666666666667,0.510146985039994,0.1002002348098941,0.36000776720044253,0.029644965509686406,,,,,,,,0,0
HalfCheetah,AMAF,55,halfcheetah_primary_frozen,4,0.2756755722441551,0.19885789048543492,1.3979246996785522,0.8812377158854459,0.7567567567567568,0.013513513513513514,0.3103448275862069,145,,148,150,2,0.013333333333333334,0.17463260137231543,0.7404696212197545,0.06572911200627635,0.019168647202953623,,,,,,,,0,0
HalfCheetah,AMAF,66,halfcheetah_replication_frozen,4,0.25902105862459096,0.1868441983817534,1.3770573764102747,0.8942980445664505,0.41379310344827586,0.013793103448275862,0.676056338028169,142,,145,150,5,0.03333333333333333,0.41332778372951023,0.3132630080234701,0.20231872658928143,0.07109004681417187,,,,,,,,0,0
HalfCheetah,AMAF,77,halfcheetah_replication_frozen,4,0.20276710105544815,0.14626554557406318,1.2834156960440481,0.9246957793936029,0.8391608391608392,0.013986013986013986,0.18571428571428572,140,,143,150,7,0.04666666666666667,0.030539139958774268,0.11628812214546572,0.82128734691148,0.0318855199317427,,,,,,,,0,0
HalfCheetah,AMAF,88,halfcheetah_replication_frozen,4,0.14375356952450838,0.10369628093154754,1.20884001235412,0.943831325597959,0.8493150684931506,0.0136986301369863,0.1888111888111888,143,,146,150,4,0.02666666666666667,0.08685130079223248,0.012547158396620905,0.052306970748135825,0.8482945737489122,,,,,,,,0,0
HalfCheetah,AMAF,99,halfcheetah_replication_frozen,4,0.18920387571081268,0.13648174660248064,1.2898197203996626,0.9151651685807243,0.7686567164179104,0.014925373134328358,0.3282442748091603,131,,134,150,16,0.10666666666666667,0.1562611861488222,0.01650327407493971,0.0624847493270438,0.7647499238097816,,,,,,,,0,0
HalfCheetah,AMAF,111,halfcheetah_replication_frozen,4,0.26037896787203874,0.18782372285038848,1.3973455184241734,0.8861903976904203,0.7602739726027398,0.0136986301369863,0.2727272727272727,143,,146,150,4,0.02666666666666667,0.08504185552395553,0.02564837716752563,0.15810250592163447,0.7312057256078385,,,,,,,,0,0
Lunar,Naive,11,lunar_primary_frozen,4,0.019877999129094562,0.014338945383169925,1.0232368437006032,0.9942023652791977,0.94,0.0,0.06060606060606061,99,,100,100,0,0.0,5.509742649997275e-05,0.9380431251581035,0.00013018095945737054,0.061771600349396244,,,,,,,,0,0
Lunar,Naive,22,lunar_primary_frozen,4,0.03667635773005837,0.026456399707512398,1.0441281183264046,0.9895243930816651,0.73,0.0,0.2828282828282828,99,,100,100,0,0.0,0.7198178491389658,0.2777873515784222,0.002015063977140187,0.00037972744110152684,,,,,,,,0,0
Lunar,Naive,33,lunar_primary_frozen,4,0.033540779811598954,0.024194558350871236,1.0425202516592957,0.9865486401319504,0.67,0.0,0.3838383838383838,99,,100,100,0,0.0,0.6662438620163232,0.0002723017465080884,0.012728794310691759,0.32075503674204553,,,,,,,,0,0
Lunar,Naive,44,lunar_primary_frozen,4,0.022301401821788826,0.016087060906583416,1.0267617853613948,0.9937458258867263,0.99,0.0,0.020202020202020204,99,,100,100,0,0.0,0.9837504720738798,0.010081377617140421,0.005294708862584699,0.0008734459309828465,,,,,,,,0,0
Lunar,Naive,55,lunar_primary_frozen,4,0.29197230804818125,0.21061350044900798,1.3954899328798158,0.8530369794368744,0.53,0.0,0.5858585858585859,99,,100,100,0,0.0,0.3905654906787753,0.5638559594702243,0.04543237022585206,0.00014618616380910988,,,,,,,,0,0
Lunar,Naive,66,lunar_primary_frozen,4,0.07623352331268717,0.05499086301635348,1.0996934481501988,0.9754826897382736,0.6,0.0,0.46464646464646464,99,,100,100,0,0.0,0.41143159752185965,0.00010458154259588773,0.5758793581661527,0.012584462166947885,,,,,,,,0,0
Lunar,Naive,77,lunar_primary_frozen,4,0.12343408540406696,0.08903887144455609,1.1596162001414305,0.9537328100204467,0.55,0.0,0.42424242424242425,99,,100,100,0,0.0,0.014095575820794863,0.42770348759490673,0.551105775162913,0.007095160627999131,,,,,,,,0,0
Lunar,Naive,88,lunar_primary_frozen,4,0.05518226892408932,0.0398055928608924,1.0660042977377926,0.9832929784059524,0.59,0.0,0.5454545454545454,99,,100,100,0,0.0,0.10288669555344265,0.5871197090275307,0.30937357222899065,0.0006200203682647793,,,,,,,,0,0
Lunar,Naive,99,lunar_primary_frozen,4,0.055505519985694925,0.04003876921266267,1.0745583103037928,0.9827804785966873,0.91,0.0,0.12121212121212122,99,,100,100,0,0.0,0.8928582881898781,0.0920280889662213,0.013400368028941543,0.0017132612003909662,,,,,,,,0,0
Lunar,Naive,111,lunar_primary_frozen,4,0.063661030347583,0.04592172639016991,1.078004028742874,0.9791384047269821,0.67,0.0,0.29292929292929293,99,,100,100,0,0.0,0.6668124549510643,0.0015350186297299158,0.2995087379061011,0.03214378948869538,,,,,,,,0,0
Lunar,Protected,11,lunar_primary_frozen,4,1.3827239163149256,0.9974244684930546,3.987989655026165,0.2537097269296646,0.03,0.97,0.0,1,0.9928232334301612,100,100,0,0.0,0.2482702762633562,0.2537097269296646,0.2482972751557827,0.24972272142767907,0.4063665481142879,0.29313150187382475,1.5771341614791232,0.8338504239916802,0.64,0.0,0.36363636363636365,100,0
Lunar,Protected,22,lunar_primary_frozen,4,1.3856670298600857,0.9995474761512423,3.9975677618913856,0.25139714300632476,0.04,0.92,0.0,2,0.9958240787189996,100,100,0,0.0,0.24949153810739516,0.2513966818153858,0.2501225204765797,0.24898926064372062,0.3918448406541419,0.28265630420482823,1.6153538653766037,0.8358515858650207,0.56,0.0,0.5252525252525253,100,0
Lunar,Protected,33,lunar_primary_frozen,4,1.386294361040877,0.9999999999430037,3.999999999683945,0.2500006392598152,0.02,0.95,0.6666666666666666,3,0.9999968453128321,100,100,0,0.0,0.2500002823770046,0.25000046893954275,0.24999974489212037,0.24999950379133223,0.2607060989858809,0.18805969806821882,1.3780428401736655,0.8951970201730728,0.43,0.0,0.5656565656565656,100,0
Lunar,Protected,44,lunar_primary_frozen,4,1.2599453228347701,0.9088584345224834,3.6632425319349107,0.32815642416477203,0.33,0.4,0.5217391304347826,46,0.845649080156277,100,100,0,0.0,0.27447628722293305,0.2695629174076021,0.24360758544582495,0.21235320589416007,0.36168708695302043,0.2609020833503489,1.527492059854669,0.8508013480901718,0.62,0.0,0.40404040404040403,100,0
Lunar,Protected,55,lunar_primary_frozen,4,1.3862943609666354,0.9999999998894495,3.999999999386978,0.2500003790855408,0.01,0.98,,0,0.9999994009162033,100,100,0,0.0,0.25000037729740143,0.24999989748001097,0.24999987110495567,0.24999985381960868,0.43681692333018474,0.31509680453241606,1.6319658019368541,0.8220892256498337,0.66,0.0,0.40404040404040403,100,0
Lunar,Protected,66,lunar_primary_frozen,4,1.3862690080380282,0.9999817116172628,3.999898625528135,0.2506173419952393,0.13,0.77,0.26666666666666666,15,0.9988358645177946,100,100,0,0.0,0.24970902279019355,0.250456620156765,0.2497832064330578,0.2500511512160301,0.2553123894447693,0.18416895906474018,1.3570998854341232,0.896549543440342,0.57,0.0,0.41414141414141414,100,0
Lunar,Protected,77,lunar_primary_frozen,4,1.3340489609183959,0.962312910110022,3.8681188809639218,0.28788986772298814,0.09,0.79,0.36363636363636365,11,0.948961154638883,100,100,0,0.0,0.23730724939669018,0.2874651825428009,0.2373622706142487,0.2378652959817555,0.3344133328712992,0.24122822847028672,1.475322367526301,0.8764803570508957,0.43,0.0,0.36363636363636365,100,0
Lunar,Protected,88,lunar_primary_frozen,4,1.386290729148396,0.9999973800863677,3.9999854729458746,0.2502498045563698,0.2,0.73,0.34782608695652173,23,0.9996533677927747,100,100,0,0.0,0.24991601273417474,0.2502484539151192,0.24992017611861228,0.24991535574197768,0.20646806182738103,0.14893522445015928,1.2845217626145995,0.9198133569955825,0.66,0.0,0.30303030303030304,100,0
Lunar,Protected,99,lunar_primary_frozen,4,1.3857908257759297,0.9996367760281777,3.9980248070203017,0.2520266830921173,0.11,0.7,0.6875,16,0.996850063635066,100,100,0,0.0,0.2494538490474224,0.2511264902353287,0.24925744339823722,0.25016221672296524,0.33850058137828726,0.24417655504624303,1.491099030529356,0.8710524365305901,0.48,0.0,0.5454545454545454,100,0
Lunar,Protected,111,lunar_primary_frozen,4,1.386294358036822,0.9999999977760362,3.999999987667727,0.25000638961791993,0.07,0.86,0.5454545454545454,11,0.9999828215159247,100,100,0,0.0,0.24999866202473642,0.2500051800906658,0.24999698892235755,0.24999916940927505,0.2626540282723517,0.18946483202901576,1.3856968961520277,0.8971371620893478,0.42,0.0,0.46464646464646464,100,0
Lunar,Uniform,11,lunar_primary_frozen,4,1.3862943611198906,1.0,4.0,0.25,0.0,1.0,,0,,100,100,0,0.0,0.25,0.25,0.25,0.25,,,,,,,,0,0
Lunar,Uniform,22,lunar_primary_frozen,4,1.3862943611198906,1.0,4.0,0.25,0.0,1.0,,0,,100,100,0,0.0,0.25,0.25,0.25,0.25,,,,,,,,0,0
Lunar,Uniform,33,lunar_primary_frozen,4,1.3862943611198906,1.0,4.0,0.25,0.0,1.0,,0,,100,100,0,0.0,0.25,0.25,0.25,0.25,,,,,,,,0,0
Lunar,Uniform,44,lunar_primary_frozen,4,1.3862943611198906,1.0,4.0,0.25,0.0,1.0,,0,,100,100,0,0.0,0.25,0.25,0.25,0.25,,,,,,,,0,0
Lunar,Uniform,55,lunar_primary_frozen,4,1.3862943611198906,1.0,4.0,0.25,0.0,1.0,,0,,100,100,0,0.0,0.25,0.25,0.25,0.25,,,,,,,,0,0
Lunar,Uniform,66,lunar_primary_frozen,4,1.3862943611198906,1.0,4.0,0.25,0.0,1.0,,0,,100,100,0,0.0,0.25,0.25,0.25,0.25,,,,,,,,0,0
Lunar,Uniform,77,lunar_primary_frozen,4,1.3862943611198906,1.0,4.0,0.25,0.0,1.0,,0,,100,100,0,0.0,0.25,0.25,0.25,0.25,,,,,,,,0,0
Lunar,Uniform,88,lunar_primary_frozen,4,1.3862943611198906,1.0,4.0,0.25,0.0,1.0,,0,,100,100,0,0.0,0.25,0.25,0.25,0.25,,,,,,,,0,0
Lunar,Uniform,99,lunar_primary_frozen,4,1.3862943611198906,1.0,4.0,0.25,0.0,1.0,,0,,100,100,0,0.0,0.25,0.25,0.25,0.25,,,,,,,,0,0
Lunar,Uniform,111,lunar_primary_frozen,4,1.3862943611198906,1.0,4.0,0.25,0.0,1.0,,0,,100,100,0,0.0,0.25,0.25,0.25,0.25,,,,,,,,0,0
