experiment,focal,comparator,metric,direction,mean_delta_focal_minus_comparator,sd_delta,wins,n,seed_deltas
crop,Anchored,Uniform,yield100,higher,-495.4726741943365,590.9826184674681,1,5,"{""11"": -736.1019152832032, ""22"": -851.084063110352, ""33"": -617.8052319335948, ""44"": -821.5841259765639, ""55"": 549.2119653320315}"
crop,Anchored,Uniform,N100,lower,-9.52,7.784086330456523,5,5,"{""11"": -3.1999999999999886, ""22"": -22.80000000000001, ""33"": -9.599999999999994, ""44"": -6.799999999999983, ""55"": -5.200000000000017}"
crop,Anchored,Uniform,irr100,lower,-9.467999999999995,7.450806667737399,5,5,"{""11"": -18.659999999999997, ""22"": -7.260000000000019, ""33"": -5.039999999999992, ""44"": -0.7799999999999727, ""55"": -15.599999999999994}"
crop,Anchored,Dueling,yield100,higher,-79.41213122558638,872.4410659134691,3,5,"{""11"": 247.87344848632893, ""22"": -1499.919922485352, ""33"": 61.687829589842295, ""44"": -75.83266113281388, ""55"": 869.1306494140626}"
crop,Anchored,Dueling,N100,lower,-5.839999999999998,19.130290118030096,2,5,"{""11"": 6.800000000000011, ""22"": -20.80000000000001, ""33"": -31.19999999999999, ""44"": 2.8000000000000114, ""55"": 13.199999999999989}"
crop,Anchored,Dueling,irr100,lower,-11.171999999999992,13.98099138115749,4,5,"{""11"": -31.079999999999984, ""22"": -8.219999999999999, ""33"": 8.100000000000023, ""44"": -11.159999999999997, ""55"": -13.5}"
crop,Anchored,DQN,yield100,higher,165.00443823242185,686.547176309291,2,5,"{""11"": -241.83279785156265, ""22"": -647.9346197509758, ""33"": 730.8077319335935, ""44"": 1004.3521112060535, ""55"": -20.3702343749992}"
crop,Anchored,DQN,N100,lower,9.839999999999998,8.117142354301796,0,5,"{""11"": 1.1999999999999886, ""22"": 4.800000000000011, ""33"": 16.80000000000001, ""44"": 20.0, ""55"": 6.399999999999977}"
crop,Anchored,DQN,irr100,lower,-30.588,18.072872488898927,5,5,"{""11"": -18.72, ""22"": -50.04000000000002, ""33"": -35.879999999999995, ""44"": -42.539999999999964, ""55"": -5.760000000000019}"
crop,Anchored,Naive,yield100,higher,491.97608508300783,1147.731221945349,2,5,"{""11"": -100.8614636230468, ""22"": -448.23218078613263, ""33"": 1215.5815600585938, ""44"": -364.7509643554695, ""55"": 2158.143474121094}"
crop,Anchored,Naive,N100,lower,-10.799999999999994,27.954248335449822,3,5,"{""11"": -0.8000000000000114, ""22"": 8.800000000000011, ""33"": -59.99999999999997, ""44"": -4.799999999999983, ""55"": 2.799999999999983}"
crop,Anchored,Naive,irr100,lower,-29.316000000000003,20.858376734540016,4,5,"{""11"": 1.6200000000000045, ""22"": -48.900000000000006, ""33"": -46.68000000000001, ""44"": -19.97999999999999, ""55"": -32.640000000000015}"
