experiment,method,threshold,mean_episode_reached,sd_episode_reached,reached,n,seed_values
crop,DQN,800,2261.0,150.9569475049095,5,5,"{""11"": 2048.0, ""22"": 2298.0, ""33"": 2448.0, ""44"": 2324.0, ""55"": 2187.0}"
crop,DQN,900,2492.4,76.46110122147078,5,5,"{""11"": 2416.0, ""22"": 2460.0, ""33"": 2541.0, ""44"": 2444.0, ""55"": 2601.0}"
crop,DQN,1000,2733.5,99.38645112220613,4,5,"{""11"": 2694.0, ""22"": null, ""33"": 2726.0, ""44"": 2641.0, ""55"": 2873.0}"
crop,Dueling,800,2240.0,232.7831609030172,5,5,"{""11"": 2117.0, ""22"": 2113.0, ""33"": 2651.0, ""44"": 2117.0, ""55"": 2202.0}"
crop,Dueling,900,2520.6,140.02606900145418,5,5,"{""11"": 2545.0, ""22"": 2404.0, ""33"": 2735.0, ""44"": 2386.0, ""55"": 2533.0}"
crop,Dueling,1000,2743.8,154.98935447313792,5,5,"{""11"": 2775.0, ""22"": 2554.0, ""33"": 2980.0, ""44"": 2693.0, ""55"": 2717.0}"
crop,Uniform,800,2135.0,100.34938963441681,5,5,"{""11"": 2121.0, ""22"": 2060.0, ""33"": 2302.0, ""44"": 2054.0, ""55"": 2138.0}"
crop,Uniform,900,2525.2,119.41189220508986,5,5,"{""11"": 2472.0, ""22"": 2504.0, ""33"": 2376.0, ""44"": 2694.0, ""55"": 2580.0}"
crop,Uniform,1000,2766.75,188.6679181348364,4,5,"{""11"": 2900.0, ""22"": null, ""33"": 2503.0, ""44"": 2758.0, ""55"": 2906.0}"
crop,Naive,800,2351.25,304.6028835494941,4,5,"{""11"": 2121.0, ""22"": 2113.0, ""33"": 2757.0, ""44"": 2414.0, ""55"": null}"
crop,Naive,900,2555.5,202.2036926797662,4,5,"{""11"": 2316.0, ""22"": 2576.0, ""33"": 2808.0, ""44"": 2522.0, ""55"": null}"
crop,Naive,1000,2723.0,4.242640687119285,2,5,"{""11"": 2720.0, ""22"": null, ""33"": null, ""44"": 2726.0, ""55"": null}"
crop,Anchored,800,2230.6,163.4175633155751,5,5,"{""11"": 2121.0, ""22"": 2276.0, ""33"": 2298.0, ""44"": 2019.0, ""55"": 2439.0}"
crop,Anchored,900,2455.4,120.48360884369292,5,5,"{""11"": 2416.0, ""22"": 2297.0, ""33"": 2412.0, ""44"": 2561.0, ""55"": 2591.0}"
crop,Anchored,1000,2711.4,73.46631881345355,5,5,"{""11"": 2590.0, ""22"": 2733.0, ""33"": 2761.0, ""44"": 2773.0, ""55"": 2700.0}"
