experiment,method,seed,phase,trust_mean,trust_median,trust_max,rows
crop,Anchored,11,early,0.1266665409551933,0.0914376080036163,0.9987432360649108,40
crop,Anchored,11,mid,0.12035130858421321,0.11688415333628654,0.2568993866443634,40
crop,Anchored,11,late,0.1387803264893591,0.1372793167829513,0.3623036444187164,40
crop,Anchored,22,early,0.056653781683471904,0.00053229491459205,0.997771143913269,40
crop,Anchored,22,mid,0.0010649590154912143,0.0001517660930403,0.0070823584683239,40
crop,Anchored,22,late,0.00462448098234058,0.0031221371609717,0.025828817859292,40
crop,Anchored,33,early,0.048837789035040186,0.0023099459940567,0.7219973802566528,40
crop,Anchored,33,mid,2.1093183070108267e-05,3.555309376679361e-06,0.0002663262421265,40
crop,Anchored,33,late,0.024050077346786315,0.01185344438999885,0.1396970748901367,40
crop,Anchored,44,early,0.05708053880824475,0.0113710421137511,0.9893653392791748,40
crop,Anchored,44,mid,0.039224188379012,0.029771827161312048,0.1165848597884178,40
crop,Anchored,44,late,0.013492874495568621,0.00759805878624315,0.0501200594007968,40
crop,Anchored,55,early,0.09198037495734748,0.048440575599670355,0.999504566192627,40
crop,Anchored,55,mid,0.0549118258291855,0.051494581624865504,0.1015906184911727,40
crop,Anchored,55,late,0.09730683481320734,0.09757772833108895,0.168336808681488,40
