experiment,method,seed,at_1m,at_1p5m,gain_1m_to_1p5m,late500k,last5,last10,best,best_step,auc_1p5m,checkpoints,max_step
halfcheetah,TD3,11,11436.560591381547,12099.092926200552,662.532334819005,12018.053855773349,12326.393292659315,12265.083657161682,12438.843563150504,1360000,9936.767681613377,150,1500000
halfcheetah,TD3,22,11351.395749416239,12513.031309718328,1161.6355603020893,11720.8191733487,12232.39841675523,12165.874883640417,12513.031309718328,1500000,9767.652110451721,150,1500000
halfcheetah,TD3,33,10345.147359505918,11140.27050308256,795.1231435766422,11011.333672853001,11249.671378109268,11230.619071571178,11363.901073216764,1450000,8938.170815051828,150,1500000
halfcheetah,TD3,44,10936.48789658602,11691.411110691975,754.9232141059547,11349.71703881851,11617.095359788027,11696.920181360152,11886.906324107958,1420000,9358.8751737645,150,1500000
halfcheetah,TD3,55,9042.20271935035,11113.191738949454,2070.989019599103,10052.219750047232,10958.212739890336,10848.309058125646,11113.191738949454,1500000,8158.777147754645,150,1500000
halfcheetah,TD3,66,10734.47986413828,11215.854162545877,481.37429840759614,11387.883263125614,11944.19512445286,11821.814993556342,12217.993597630897,1490000,9093.881873543758,150,1500000
halfcheetah,TD3,77,11123.82775344292,12424.84368259827,1301.01592915535,11680.902014834279,12292.69806761189,12134.331749001607,12424.84368259827,1500000,9850.170932847626,150,1500000
halfcheetah,TD3,88,8660.91938368678,9809.115522740229,1148.1961390534489,9336.327431170868,9873.646906776608,9844.351180418173,9954.968125279896,1490000,7176.7406135892115,150,1500000
halfcheetah,TD3,99,10884.591665308462,11306.946718446772,422.3550531383098,11227.574457994713,11473.876249038432,11366.284602433565,11686.487746561184,1490000,9300.898249089,150,1500000
halfcheetah,TD3,111,10526.112210080357,11454.855133781257,928.7429237009001,10820.248210878852,11402.352864652403,11259.079529777928,11668.75091010414,1490000,9197.757563268564,150,1500000
halfcheetah,AMAF,11,9101.573491108573,10524.91462325754,1423.3411321489675,9758.88335244359,10402.588362858869,10266.590581117918,10615.466883129986,1480000,8040.909819413954,150,1500000
halfcheetah,AMAF,22,9848.183233498337,12715.963585068388,2867.7803515700507,11178.683715362606,12546.164164488178,12377.242681947862,12715.963585068388,1500000,8679.317864949762,150,1500000
halfcheetah,AMAF,33,10375.778739757054,12236.89516518736,1861.1164254303058,11299.319213856197,12137.800769053525,12035.557044273162,12271.710691763714,1480000,9059.388137524116,150,1500000
halfcheetah,AMAF,44,11134.881879655964,12117.204764604485,982.3228849485204,11966.43460353734,12110.420777654199,12065.37417105057,12476.389779894993,1360000,9991.538751924243,150,1500000
halfcheetah,AMAF,55,10918.662073302668,12639.33711030551,1720.6750370028421,11601.645799068387,12434.083550334832,12252.088960621419,12639.33711030551,1500000,9772.510947818484,150,1500000
halfcheetah,AMAF,66,11086.156612552875,11846.390645626878,760.2340330740026,11466.681816264596,11795.635519483854,11720.527880167885,11846.390645626878,1500000,9679.293897596344,150,1500000
halfcheetah,AMAF,77,7906.390195558098,8678.226623775312,771.8364282172142,8306.355843073368,8605.98832729305,8553.47235155234,8678.226623775312,1500000,6747.64166179324,150,1500000
halfcheetah,AMAF,88,9627.54740444209,10789.522789100858,1161.9753846587682,10114.45716212508,10756.373975229133,10647.599450619264,10855.870251161916,1470000,8353.157060096864,150,1500000
halfcheetah,AMAF,99,11333.664272823346,12283.11025119451,949.4459783711645,11865.641660857518,12303.759797908348,12221.497438555012,12506.556696094194,1420000,9422.042141121237,150,1500000
halfcheetah,AMAF,111,10644.782539585378,11624.259350112097,979.4768105267194,11320.203314486185,11766.364988589301,11676.23257555322,11906.94094575604,1470000,9626.03989120853,150,1500000
