method,seed,at_1m,at_1p5m,gain_1m_to_1p5m,last5,last10,auc_norm
AMAF,11,9101.573491108573,10524.91462325754,1423.3411321489675,10402.588362858869,10266.590581117918,8040.909819413954
AMAF,22,9848.183233498337,12715.963585068388,2867.7803515700507,12546.164164488178,12377.242681947862,8679.317864949762
AMAF,33,10375.778739757054,12236.89516518736,1861.1164254303058,12137.800769053525,12035.557044273162,9059.388137524116
AMAF,44,11134.881879655964,12117.204764604485,982.3228849485204,12110.420777654199,12065.37417105057,9991.538751924243
AMAF,55,10918.662073302668,12639.33711030551,1720.6750370028421,12434.083550334832,12252.088960621419,9772.510947818484
SAC,11,11527.258681314754,12362.89637836014,835.6376970453857,12353.751741586326,12370.395481815405,10128.655419300756
SAC,22,11626.994887916986,12950.603957577836,1323.6090696608499,12773.104314464998,12582.068753269063,10164.564533280853
SAC,33,8346.239276350643,9947.377089854384,1601.1378135037412,9789.992255637733,9722.225110880223,7620.928322745962
SAC,44,10753.733818517943,10691.71667355782,-62.017144960123915,11661.157937645154,11680.861164815047,9305.257539181312
SAC,55,12043.357900329758,12949.327379839293,905.9694795095347,12735.254334573143,12754.66484359038,10460.863080997386
TD3,11,11436.560591381547,12099.092926200552,662.532334819005,12326.393292659315,12265.083657161682,9936.767681613377
TD3,22,11351.395749416239,12513.031309718328,1161.6355603020893,12232.39841675523,12165.874883640417,9767.652110451721
TD3,33,10345.147359505918,11140.27050308256,795.1231435766422,11249.671378109268,11230.619071571178,8938.170815051828
TD3,44,10936.48789658602,11691.411110691975,754.9232141059547,11617.095359788027,11696.920181360152,9358.8751737645
TD3,55,9042.20271935035,11113.191738949454,2070.989019599103,10958.212739890336,10848.309058125646,8158.777147754645
