comparison,metric,n,mean_delta,std_delta,median_delta,ci_low,ci_high,wins,losses
AMAF-TD3,at_1m,5,-346.5429797834957,1633.4587998536183,30.63138025113585,-1661.955966733376,864.911905801799,3,2
AMAF-TD3,at_1p5m,5,335.4635319560828,1190.5403721874777,425.7936539125094,-684.5955942748351,1175.598610304606,4,1
AMAF-TD3,gain_1m_to_1p5m,5,682.0065117395785,786.585633966262,760.8087973299625,60.97777217658368,1282.3654653000226,4,1
AMAF-TD3,last5,5,249.4572874374855,1294.0892640376976,493.32541786617185,-913.9039301448265,1082.8526534131663,4,1
AMAF-TD3,last10,5,158.00931743037108,1291.133000144597,368.4539896904171,-995.8346914243724,989.6495373736307,4,1
AMAF-TD3,auc_norm,5,-123.31548140110226,1389.4071166954159,121.21732247228829,-1228.648850788097,922.8024157838906,3,2
AMAF-SAC,at_1m,5,-583.7010294214975,1794.0059968202468,-1124.6958270270898,-1906.7379032553497,938.1909593877208,2,3
AMAF-SAC,at_1p5m,5,266.4787538467623,1616.1823603356684,-234.64037250944784,-906.1168843564421,1596.8104095023616,2,3
AMAF-SAC,gain_1m_to_1p5m,5,850.1797832682598,484.20348983011803,814.7055574933074,482.3958601583839,1252.3849921428434,5,0
AMAF-SAC,last5,5,63.559408096449985,1552.6660238707304,-226.94014997681916,-1126.233489230029,1317.9090480587474,2,3
AMAF-SAC,last10,5,-22.67238307183761,1598.2268298870067,-204.8260713212003,-1226.3455534356278,1306.0687315072835,2,3
AMAF-SAC,auc_norm,5,-427.3206747751416,1471.8697090037683,-688.3521331789016,-1566.8673339229372,712.225984372654,2,3
SAC-TD3,at_1m,5,237.15804963800184,1791.572376740117,90.69808993320657,-1126.085404206374,1819.2621206741783,3,2
SAC-TD3,at_1p5m,5,68.98477810932054,1227.9093350262285,263.8034521595873,-828.160405791835,989.2570266789738,3,2
SAC-TD3,gain_1m_to_1p5m,5,-168.17327152868128,804.5357924109768,161.97350935876057,-827.7787234216805,424.042714733144,3,2
SAC-TD3,last5,5,185.89787934103552,1163.0566114132025,44.0625778571266,-762.194604155565,1083.8499879525348,4,1
SAC-TD3,last10,5,180.68170050220868,1217.659758151135,105.3118246537233,-825.0094057978652,1185.9382011403304,3,2
SAC-TD3,auc_norm,5,304.0051933740393,1300.9483911350503,191.88773768737883,-672.5854632802177,1449.910517594833,3,2
