method,metric,n,mean,std,median,ci_low,ci_high
TD3,at_1m,5,10622.358863248015,983.213601154379,10936.48789658602,9781.663221787703,11302.480115636317
TD3,at_1p5m,5,11711.399517728572,607.7335236926544,11691.411110691975,11239.667118951202,12183.131916505949
TD3,gain_1m_to_1p5m,5,1089.0406544805587,580.8235373220449,795.1231435766422,726.0068482853123,1607.4269907836806
TD3,last5,5,11676.754237440435,598.5466126775051,11617.095359788027,11206.572719157446,12146.935755723422
TD3,last10,5,11641.361370371817,605.1594633031071,11696.920181360152,11170.95528815076,12111.76745259287
TD3,auc_norm,5,9232.048585727214,713.7683179614286,9358.8751737645,8636.430873753498,9753.54295157894
AMAF,at_1m,5,10275.815883464518,825.068642835689,10375.778739757054,9614.313156025344,10896.573329134864
AMAF,at_1p5m,5,12046.863049684656,888.271947863326,12236.89516518736,11281.5824438891,12589.499311187032
AMAF,gain_1m_to_1p5m,5,1771.0471662201373,699.3673892706984,1720.6750370028421,1277.663745770249,2377.559722457885
AMAF,last5,5,11926.211524877921,872.124685251708,12137.800769053525,11155.92988159299,12436.599364290712
AMAF,last10,5,11799.370687802188,868.1656782683639,12065.37417105057,11017.483549649667,12277.119704886707
AMAF,auc_norm,5,9108.733104326111,797.970202811557,9059.388137524116,8499.96870125031,9717.497507401913
SAC,at_1m,5,10859.516912886016,1480.2141345407315,11527.258681314754,9567.161909579927,11773.592851561649
SAC,at_1p5m,5,11780.384295837895,1380.2422727215567,12362.89637836014,10696.635064592056,12832.551810638879
SAC,gain_1m_to_1p5m,5,920.8673829518775,632.1623144003248,905.9694795095347,394.63906636517277,1379.1148184294282
SAC,last5,5,11862.65211678147,1241.7785108934859,12353.751741586326,10760.84780380467,12674.09380793252
SAC,last10,5,11822.043070874022,1242.706780694952,12370.395481815405,10720.440268209219,12608.772535106857
SAC,auc_norm,5,9536.053779101252,1153.5214708558103,10128.655419300756,8525.781117683317,10275.902129571445
