experiment,method,seed,phase,rows,valid_simplex_rows,degenerate_conditional_rows,degenerate_conditional_rate,gate_weight_sum_mean_all_rows,gate_weight_sum_min_all_rows,gate_weight_sum_max_all_rows,conditional_gate_entropy_mean_valid,conditional_effective_heads_mean_valid,conditional_gate_max_weight_mean_valid
halfcheetah,AMAF,11,early,50,50,0,0.0,0.9999999601531231,0.9999981837817753,1.000000127117346,0.42934628860573865,1.671155264377594,0.8170247590541839
halfcheetah,AMAF,11,mid,50,49,1,0.02,1.0001594605909316,0.9999998859420884,1.0079718828201296,0.3409078617927496,1.4905516712033018,0.8638604733408713
halfcheetah,AMAF,11,late,50,48,2,0.04,0.9860736015526596,4.2425442825511084e-07,1.3036797719601823,0.16882630290405315,1.219569705426693,0.9292533745368322
halfcheetah,AMAF,22,early,50,50,0,0.0,0.9999999114431988,0.9999956354149616,1.0000002974411473,0.31687885853578335,1.4783325695991516,0.8591039019823075
halfcheetah,AMAF,22,mid,50,50,0,0.0,0.9999999943885248,0.9999998987417448,1.0000001028465277,0.18327739513191774,1.2481538081169128,0.9268119490146637
halfcheetah,AMAF,22,late,50,49,1,0.02,0.9814045359785976,0.07022673905089492,1.0000001113868962,0.0974880477435646,1.1254210350464802,0.9636197929479637
halfcheetah,AMAF,33,early,50,48,2,0.04,1.000668021720215,0.9999626011918961,1.0277808572400315,0.3531714529390418,1.5320594956477482,0.8601753730326891
halfcheetah,AMAF,33,mid,50,43,7,0.14,25.416177993914456,0.9161273601257561,1221.461596488965,0.29440529389458514,1.418294305025145,0.8756248770758163
halfcheetah,AMAF,33,late,50,34,16,0.32,1114.0979366337147,5.898659054803814e-06,51466.767820188405,0.14427630068198857,1.1976003331296585,0.9408320679384119
halfcheetah,AMAF,44,early,50,49,1,0.02,0.9993630280797842,0.9681571368351953,1.0000000739819368,0.3298367025145868,1.5155480710827574,0.8675018907809744
halfcheetah,AMAF,44,mid,50,48,2,0.04,1.0003442675987584,0.9902303408016448,1.0269832018266243,0.2376248760829185,1.300893488029639,0.9131113129357497
halfcheetah,AMAF,44,late,50,46,4,0.08,11.285780726945784,0.8518161515059266,462.96917327335836,0.07404202438347655,1.0920186949812847,0.9734832748122837
halfcheetah,AMAF,55,early,50,50,0,0.0,0.9999999410909656,0.9999972283840178,1.0000001195585355,0.4401391482377949,1.664344789981842,0.8090194880962371
halfcheetah,AMAF,55,mid,50,49,1,0.02,0.9934201457498966,0.6710073341373571,1.0000000894069832,0.30767824529784216,1.4253863680119416,0.8643773429247797
halfcheetah,AMAF,55,late,50,49,1,0.02,0.9800008768900779,4.354581728175423e-05,1.0000001004709989,0.07585292364274816,1.0986057811853838,0.9717901580187739
