experiment,method,seed,final,last5,auc,best5,retention_pct,final_gt_200,checkpoints,max_step
lunar,DQN,11,275.9788073983208,250.81134930621187,146.8025822335821,281.7873742444412,89.00730558944112,1,50,500000
lunar,DQN,22,260.57119980545065,246.08217101795282,113.08092573099421,280.47331085693463,87.73817739238504,1,50,500000
lunar,DQN,33,203.4249371708206,208.91994763875044,145.25329488404626,267.2617952441483,78.17052469018195,1,50,500000
lunar,DQN,44,-429.3085990075069,82.67112651179704,151.47603403104193,273.84343620823995,30.189194109049627,0,50,500000
lunar,DQN,55,288.41875167755757,238.94451996567494,136.72695095384816,280.69251851016173,85.12678614803359,1,50,500000
lunar,DQN,66,279.0694830361276,274.2908437125154,159.37362194603264,281.22623894236483,97.53387334840019,1,50,500000
lunar,DQN,77,207.58592266350715,210.39187608183494,138.67986645889297,268.44109164855655,78.37543603692399,1,50,500000
lunar,DQN,88,258.3508570361838,249.38270831310987,152.30904601037858,275.49350329317167,90.5221739649245,1,50,500000
lunar,DQN,99,270.8754172022593,240.37359597024155,164.8324234506757,277.495171711536,86.62262283255748,1,50,500000
lunar,DQN,111,231.00748227545506,229.8066676799536,146.92791996798414,260.98618967022975,88.05319084903567,1,50,500000
lunar,Dueling,11,252.7100559702354,280.6221265880267,133.27625017193895,289.68657973647487,96.87094474424944,1,50,500000
lunar,Dueling,22,281.18653369035457,266.1690990838307,134.45860090129506,281.2723430029903,94.63038428950726,1,50,500000
lunar,Dueling,33,218.39301299596454,253.92703707162246,156.43871941329283,282.6735255174196,89.83049849002374,1,50,500000
lunar,Dueling,44,264.6709957372437,233.50697866266592,162.0685684151683,281.0613683959962,83.080424746837,1,50,500000
lunar,Dueling,55,279.80575220710773,247.60776309868234,173.13750058277225,282.7291764895457,87.57771878129387,1,50,500000
lunar,Dueling,66,266.6326454464509,225.05047984198808,98.0031935019108,271.8447804840781,82.78638988073904,1,50,500000
lunar,Dueling,77,290.2660446666042,284.99476779239257,145.9387549992833,285.7504576116611,99.73554204406716,1,50,500000
lunar,Dueling,88,146.52801812945458,230.93813832564825,136.00297191590744,279.3266585811946,82.67672677526382,0,50,500000
lunar,Dueling,99,-102.99978037645519,-50.504086904016575,-97.424300502407,128.90181385802325,-39.18027636107857,0,50,500000
lunar,Dueling,111,263.64407320481524,258.3259192110829,82.31268232623995,274.48870706925527,94.11167474584141,1,50,500000
lunar,Uniform,11,227.55929859671969,252.64606305404362,171.2216468846567,284.1918001413545,88.89984261628227,1,50,500000
lunar,Uniform,22,285.98299493559244,267.9223654560178,120.58683653545313,283.4482482085744,94.52249825120388,1,50,500000
lunar,Uniform,33,200.25778855775252,234.25372011174687,162.38022584090464,283.8814122956097,82.51816074094178,1,50,500000
lunar,Uniform,44,213.19873208175804,268.87228373354804,170.70000351992667,287.2480142537156,93.60283462083851,1,50,500000
lunar,Uniform,55,234.10368885659346,243.53937877956014,146.25806835768563,279.0835448459967,87.26396925836295,1,50,500000
lunar,Uniform,66,191.84562236190305,226.67654642922676,85.19142309091137,259.4500356303062,87.36809223345846,0,50,500000
lunar,Uniform,77,290.718400396474,236.8593803583338,171.71459584628707,280.6812483504622,84.38731897849767,1,50,500000
lunar,Uniform,88,288.2108222054077,262.6543046624896,110.82616326042788,276.31690487156936,95.05545988384964,1,50,500000
lunar,Uniform,99,282.18741199455377,280.43951127346315,119.11208633129527,284.444413302061,98.59202647641918,1,50,500000
lunar,Uniform,111,273.7383920471626,255.52655651455962,142.5941485198227,274.75067466251096,93.00306790090136,1,50,500000
lunar,Naive,11,264.89423915671864,245.5276342614985,54.779213906619624,266.0836719957854,92.27459634027733,1,50,500000
lunar,Naive,22,267.87093427137546,206.29141918538062,79.77496755005347,255.78548587484775,80.65016608734247,1,50,500000
lunar,Naive,33,265.0236426384221,248.6872091156136,86.84600732814123,272.1186294406285,91.38926270017568,1,50,500000
lunar,Naive,44,-112.7984285157258,-94.14603024191334,-36.28987240005237,218.99149372053384,-42.99072472744437,0,50,500000
lunar,Naive,55,294.04162230354325,247.25535920804174,89.12850200706632,283.5294294770861,87.20624157571766,1,50,500000
lunar,Naive,66,273.39074709199593,259.4920403106554,146.88480263701905,277.1518537343619,93.62810921674993,1,50,500000
lunar,Naive,77,226.59064283458355,261.1450161961739,111.65778216668512,282.9733226251045,92.28609035423113,1,50,500000
lunar,Naive,88,286.98613168656567,273.7151337871421,133.8437074093441,286.1681550014023,95.64835534750569,1,50,500000
lunar,Naive,99,133.21291115385478,90.73084775187226,-93.307023458379,183.2421914915936,49.51416866024255,0,50,500000
lunar,Naive,111,65.1532489658189,-105.41783655875909,-22.426571631454326,245.24869073051394,-42.98405681382216,0,50,500000
lunar,Protected,11,289.07496706570475,251.12225070561817,136.98011198905587,279.5039446049246,89.84569110843012,1,50,500000
lunar,Protected,22,285.159883398111,253.94543897675476,93.22008463399678,280.67129516514325,90.47788047842107,1,50,500000
lunar,Protected,33,219.4464881265382,232.04926378577278,89.61918536692411,276.31119567975213,83.9811297602,1,50,500000
lunar,Protected,44,277.1768400365179,276.21679562482217,108.39904159701787,280.07703426048346,98.62172253935283,1,50,500000
lunar,Protected,55,130.42503006938801,201.0086770921727,136.08912700380108,270.7285812122438,74.24730561956714,0,50,500000
lunar,Protected,66,270.4933455795423,265.542844348167,74.25895336228243,271.43505801355667,97.82923631585741,1,50,500000
lunar,Protected,77,258.5501230063353,254.2665866810261,106.06413377613535,277.5718062318268,91.60389527049577,1,50,500000
lunar,Protected,88,216.41405987920425,238.74102510532785,116.44834368147052,276.3311718967867,86.39670416716531,1,50,500000
lunar,Protected,99,280.3147925755913,264.66570269773126,153.13040458232763,280.0430724570009,94.50892692172174,1,50,500000
lunar,Protected,111,176.21339686711605,241.30669290839688,155.38790611207756,283.49603698801485,85.11818911902405,0,50,500000
