experiment,method,metric,mean,sd,n
lunar,DQN,final,184.59742592581756,217.72238076500602,10
lunar,DQN,last5,223.16748061980425,53.003753425486664,10
lunar,DQN,auc,145.54626656674765,14.2460450402746,10
lunar,DQN,best5,274.77006303297844,7.100553404711127,10
lunar,DQN,retention_pct,81.13392849609332,18.762863404629943,10
lunar,Dueling,final,216.08373516717757,119.71210495379214,10
lunar,Dueling,last5,223.06382227719232,98.21701365704507,10
lunar,Dueling,auc,112.42129417254019,78.76724841596287,10
lunar,Dueling,best5,265.77354107466385,48.36012470800894,10
lunar,Dueling,retention_pct,77.21200281367442,41.35482676279862,10
lunar,Uniform,final,248.78031520339172,39.390249459487556,10
lunar,Uniform,last5,252.93901103729894,17.389589783820877,10
lunar,Uniform,auc,140.05851981873712,30.070470999445828,10
lunar,Uniform,best5,279.34962965621605,8.00908720770931,10
lunar,Uniform,retention_pct,90.52132709607557,5.187783241847938,10
lunar,Naive,final,196.43656915871526,131.61793020466445,10
lunar,Naive,last5,163.32807930157057,148.21950295595374,10
lunar,Naive,auc,55.08915155150432,79.57221077867206,10
lunar,Naive,best5,257.1292924091857,33.2843818215257,10
lunar,Naive,retention_pct,59.66222087409759,55.73669045905893,10
lunar,Protected,final,240.3268926604049,53.52278662490391,10
lunar,Protected,last5,247.886527792579,21.2369228342204,10
lunar,Protected,auc,116.95972921050893,27.645544811119436,10
lunar,Protected,best5,277.61691965097333,4.060886497344933,10
lunar,Protected,retention_pct,89.26306813002353,7.261354599510452,10
lunar,DQN,final_gt_200_count,9.0,,10
lunar,Dueling,final_gt_200_count,8.0,,10
lunar,Uniform,final_gt_200_count,9.0,,10
lunar,Naive,final_gt_200_count,7.0,,10
lunar,Protected,final_gt_200_count,8.0,,10
