seed,block_end,method,block_mean,late_stage_flag
11,100,DQN,-7954.599781308596,0
11,200,DQN,-7676.206975917969,0
11,300,DQN,-6649.16713453125,0
11,400,DQN,-5564.297963261718,0
11,500,DQN,-4504.424624335938,0
11,600,DQN,-3646.9155043066403,0
11,700,DQN,-3018.1296552246095,0
11,800,DQN,-2475.623324111328,0
11,900,DQN,-2018.1218971679687,0
11,1000,DQN,-1510.4742685058584,0
11,1100,DQN,-1218.7176927929677,0
11,1200,DQN,-911.2089750366197,0
11,1300,DQN,-436.213980634764,0
11,1400,DQN,-167.25128888671773,0
11,1500,DQN,131.48104660156292,0
11,1600,DQN,306.8399303027345,0
11,1700,DQN,423.54780713867194,0
11,1800,DQN,494.02434092773444,0
11,1900,DQN,608.0061302221676,0
11,2000,DQN,739.1702587927243,0
11,2100,DQN,793.3292681249997,1
11,2200,DQN,842.5304084960934,1
11,2300,DQN,852.8151837304684,1
11,2400,DQN,891.3513576855465,1
11,2500,DQN,790.9128766699215,1
11,2600,DQN,880.8429135205074,1
11,2700,DQN,1014.6855997851559,1
11,2800,DQN,942.5569388208004,1
11,2900,DQN,1051.0988599316404,1
11,3000,DQN,1030.3007958959959,1
11,100,Dueling,-7956.503613906251,0
11,200,Dueling,-7663.033960546877,0
11,300,Dueling,-6652.381154589844,0
11,400,Dueling,-5567.003963261719,0
11,500,Dueling,-4495.887776542969,0
11,600,Dueling,-3645.067550595703,0
11,700,Dueling,-3015.0953524902343,0
11,800,Dueling,-2473.0053333496094,0
11,900,Dueling,-2006.4538567773436,0
11,1000,Dueling,-1480.373817236327,0
11,1100,Dueling,-1199.3315616552723,0
11,1200,Dueling,-902.1900218334947,0
11,1300,Dueling,-552.5104335009752,0
11,1400,Dueling,-265.9790583251942,0
11,1500,Dueling,52.94602659668025,0
11,1600,Dueling,232.99870416015628,0
11,1700,Dueling,463.1503954589842,0
11,1800,Dueling,534.7370229980467,0
11,1900,Dueling,621.8081994628902,0
11,2000,Dueling,737.6792465606687,0
11,2100,Dueling,775.2935661645503,1
11,2200,Dueling,803.6793535192867,1
11,2300,Dueling,647.724446330566,1
11,2400,Dueling,818.2883836669918,1
11,2500,Dueling,837.2102417285153,1
11,2600,Dueling,908.7616037988278,1
11,2700,Dueling,940.2427743261715,1
11,2800,Dueling,986.6400935522456,1
11,2900,Dueling,1031.7804379296872,1
11,3000,Dueling,943.6892089746092,1
11,100,Uniform,-7950.291658359376,0
11,200,Uniform,-7645.798829648436,0
11,300,Uniform,-6647.62913453125,0
11,400,Uniform,-5569.775963261719,0
11,500,Uniform,-4495.887776542969,0
11,600,Uniform,-3645.1335505957036,0
11,700,Uniform,-3015.0953524902343,0
11,800,Uniform,-2473.4588604980468,0
11,900,Uniform,-2013.773088076172,0
11,1000,Uniform,-1553.014698383789,0
11,1100,Uniform,-1214.167396186523,0
11,1200,Uniform,-954.1476012597648,0
11,1300,Uniform,-559.3427303540028,0
11,1400,Uniform,-346.58893766601483,0
11,1500,Uniform,15.684090800781286,0
11,1600,Uniform,263.73767745117186,0
11,1700,Uniform,464.80161804687464,0
11,1800,Uniform,602.7191014453122,0
11,1900,Uniform,634.1864450878902,0
11,2000,Uniform,659.9115171826168,0
11,2100,Uniform,773.1240636059566,1
11,2200,Uniform,776.6618326049802,1
11,2300,Uniform,725.4403761474606,1
11,2400,Uniform,808.5862703173826,1
11,2500,Uniform,883.4694001367186,1
11,2600,Uniform,955.725999970703,1
11,2700,Uniform,986.0932318603515,1
11,2800,Uniform,878.4652230761716,1
11,2900,Uniform,1000.8607110644531,1
11,3000,Uniform,1104.7213164501952,1
11,100,Naive,-7972.024973408204,0
11,200,Naive,-7669.101126777345,0
11,300,Naive,-6645.71513453125,0
11,400,Naive,-5564.03396326172,0
11,500,Naive,-4495.887776542969,0
11,600,Naive,-3649.094551494141,0
11,700,Naive,-3015.0953524902343,0
11,800,Naive,-2468.811271513672,0
11,900,Naive,-2020.4997886816407,0
11,1000,Naive,-1549.5939264501947,0
11,1100,Naive,-1215.9818134326167,0
11,1200,Naive,-950.6942138916005,0
11,1300,Naive,-532.789670588378,0
11,1400,Naive,-244.09602117187416,0
11,1500,Naive,105.39479606445325,0
11,1600,Naive,309.4783079882811,0
11,1700,Naive,462.4388346874997,0
11,1800,Naive,575.4154605859372,0
11,1900,Naive,644.9464079101559,0
11,2000,Naive,643.8733499047848,0
11,2100,Naive,771.0874160363767,1
11,2200,Naive,778.6170348986813,1
11,2300,Naive,882.3945978515621,1
11,2400,Naive,938.5854582324216,1
11,2500,Naive,862.7884972021482,1
11,2600,Naive,940.8181218847654,1
11,2700,Naive,975.4182810351562,1
11,2800,Naive,1050.5289379882809,1
11,2900,Naive,998.7716129296874,1
11,3000,Naive,1028.2933250878905,1
11,100,Anchored,-7971.856283056641,0
11,200,Anchored,-7631.572792871094,0
11,300,Anchored,-6645.71513453125,0
11,400,Anchored,-5564.03396326172,0
11,500,Anchored,-4495.887776542969,0
11,600,Anchored,-3645.067550595703,0
11,700,Anchored,-3015.2933524902346,0
11,800,Anchored,-2473.4013333496096,0
11,900,Anchored,-2013.7070880761719,0
11,1000,Anchored,-1576.15723090332,0
11,1100,Anchored,-1232.0402261181632,0
11,1200,Anchored,-991.3539263037095,0
11,1300,Anchored,-550.9865096337876,0
11,1400,Anchored,-254.72444117187345,0
11,1500,Anchored,41.66434348632863,0
11,1600,Anchored,250.6216512597657,0
11,1700,Anchored,453.34153285156225,0
11,1800,Anchored,530.4989473339839,0
11,1900,Anchored,572.1883354541012,0
11,2000,Anchored,615.973629102783,0
11,2100,Anchored,769.835557658691,1
11,2200,Anchored,783.2276602490231,1
11,2300,Anchored,720.4141699560543,1
11,2400,Anchored,891.9295052001949,1
11,2500,Anchored,880.1693782763667,1
11,2600,Anchored,1000.6269081640622,1
11,2700,Anchored,1043.9716127441404,1
11,2800,Anchored,1039.2325123828123,1
11,2900,Anchored,938.5323867773436,1
11,3000,Anchored,1011.8672138354491,1
22,100,DQN,-7935.4199484375,0
22,200,DQN,-7706.79816435547,0
22,300,DQN,-6655.766500253907,0
22,400,DQN,-5526.999815810547,0
22,500,DQN,-4567.369341757814,0
22,600,DQN,-3783.2438215332036,0
22,700,DQN,-3054.7388674414065,0
22,800,DQN,-2416.381574970703,0
22,900,DQN,-1888.8757283203124,0
22,1000,DQN,-1506.4621404248041,0
22,1100,DQN,-1218.8338065380844,0
22,1200,DQN,-907.0404913867175,0
22,1300,DQN,-505.79171716796714,0
22,1400,DQN,-232.55956729492067,0
22,1500,DQN,10.994258154297563,0
22,1600,DQN,202.0078469531255,0
22,1700,DQN,374.9400411132815,0
22,1800,DQN,379.5638674951171,0
22,1900,DQN,560.6944008007811,0
22,2000,DQN,570.2502211767575,0
22,2100,DQN,681.3720382812495,1
22,2200,DQN,756.3500078613278,1
22,2300,DQN,796.3848013720698,1
22,2400,DQN,880.6275415234371,1
22,2500,DQN,886.0204610253902,1
22,2600,DQN,937.7086312841793,1
22,2700,DQN,876.655407905273,1
22,2800,DQN,817.5301779223628,1
22,2900,DQN,749.491909208984,1
22,3000,DQN,879.2919827001949,1
22,100,Dueling,-7931.601234609375,0
22,200,Dueling,-7733.204993281249,0
22,300,Dueling,-6618.414349160156,0
22,400,Dueling,-5474.085338740235,0
22,500,Dueling,-4496.4749390625,0
22,600,Dueling,-3772.1557829589847,0
22,700,Dueling,-3044.787522246094,0
22,800,Dueling,-2420.534095185547,0
22,900,Dueling,-1880.4702112890625,0
22,1000,Dueling,-1530.4167366748047,0
22,1100,Dueling,-1188.544685791015,0
22,1200,Dueling,-865.7845445532216,0
22,1300,Dueling,-574.9734841259752,0
22,1400,Dueling,-354.8530849707022,0
22,1500,Dueling,-113.36527976562442,0
22,1600,Dueling,144.15416685058602,0
22,1700,Dueling,383.28281639648435,0
22,1800,Dueling,541.4281638867185,0
22,1900,Dueling,671.7822051269529,0
22,2000,Dueling,655.3561856469723,0
22,2100,Dueling,755.2383305712887,1
22,2200,Dueling,706.0236748046872,1
22,2300,Dueling,728.1604731469722,1
22,2400,Dueling,898.3038597753902,1
22,2500,Dueling,955.3137825390621,1
22,2600,Dueling,1060.340540195312,1
22,2700,Dueling,1011.0262592968746,1
22,2800,Dueling,955.7083734130855,1
22,2900,Dueling,1042.0548052685544,1
22,3000,Dueling,1039.2876605322263,1
22,100,Uniform,-7931.0288234960935,0
22,200,Uniform,-7700.585797949219,0
22,300,Uniform,-6616.764349160156,0
22,400,Uniform,-5473.821338740235,0
22,500,Uniform,-4489.280939062501,0
22,600,Uniform,-3768.5257829589846,0
22,700,Uniform,-3044.589522246094,0
22,800,Uniform,-2420.534095185547,0
22,900,Uniform,-1882.8825004101561,0
22,1000,Uniform,-1479.0473185107414,0
22,1100,Uniform,-1130.5577753076159,0
22,1200,Uniform,-925.986346015624,0
22,1300,Uniform,-638.3427636669909,0
22,1400,Uniform,-397.99479739990136,0
22,1500,Uniform,-68.61159039062468,0
22,1600,Uniform,154.25874348144535,0
22,1700,Uniform,390.0895257812499,0
22,1800,Uniform,529.5419318554684,0
22,1900,Uniform,678.5395979199216,0
22,2000,Uniform,721.1809516796872,0
22,2100,Uniform,789.6318828466792,1
22,2200,Uniform,695.5639641540522,1
22,2300,Uniform,626.8609663195798,1
22,2400,Uniform,788.5075330175778,1
22,2500,Uniform,894.8892953124996,1
22,2600,Uniform,959.6037809228511,1
22,2700,Uniform,891.3985136035153,1
22,2800,Uniform,938.483497988281,1
22,2900,Uniform,929.6442984326169,1
22,3000,Uniform,936.3275947509762,1
22,100,Naive,-7935.706626503907,0
22,200,Naive,-7725.667797949219,0
22,300,Naive,-6616.764349160156,0
22,400,Naive,-5473.821338740235,0
22,500,Naive,-4490.6009390625,0
22,600,Naive,-3768.9877829589846,0
22,700,Naive,-3044.589522246094,0
22,800,Naive,-2420.534095185547,0
22,900,Naive,-1880.2185205566407,0
22,1000,Naive,-1521.4982469921874,0
22,1100,Naive,-1210.894547739257,0
22,1200,Naive,-877.4137056494127,0
22,1300,Naive,-549.7938645410142,0
22,1400,Naive,-246.6679863476554,0
22,1500,Naive,2.4246260839848968,0
22,1600,Naive,218.97838316406268,0
22,1700,Naive,387.02218031250004,0
22,1800,Naive,438.4717657812499,0
22,1900,Naive,540.7640311132811,0
22,2000,Naive,615.309255717773,0
22,2100,Naive,754.4850867895505,1
22,2200,Naive,727.4609205932612,1
22,2300,Naive,756.1674411627193,1
22,2400,Naive,831.5724755761714,1
22,2500,Naive,875.944983427734,1
22,2600,Naive,932.3498272705074,1
22,2700,Naive,883.8436580175777,1
22,2800,Naive,838.1152690844723,1
22,2900,Naive,959.1892281445308,1
22,3000,Naive,849.7909973437496,1
22,100,Anchored,-7932.081674882814,0
22,200,Anchored,-7680.776886835939,0
22,300,Anchored,-6618.744349160156,0
22,400,Anchored,-5474.8113387402345,0
22,500,Anchored,-4489.4129390625,0
22,600,Anchored,-3770.5057829589846,0
22,700,Anchored,-3044.589522246094,0
22,800,Anchored,-2422.6460951855465,0
22,900,Anchored,-1867.4772287890623,0
22,1000,Anchored,-1513.3349227246092,0
22,1100,Anchored,-1145.9759844091789,0
22,1200,Anchored,-811.669695764159,0
22,1300,Anchored,-562.4923501220692,0
22,1400,Anchored,-344.81984421874904,0
22,1500,Anchored,-25.226597016601204,0
22,1600,Anchored,221.41801774414083,0
22,1700,Anchored,425.4335080566406,0
22,1800,Anchored,543.3811742285155,0
22,1900,Anchored,652.0193627343747,0
22,2000,Anchored,686.4336399023434,0
22,2100,Anchored,714.033428207397,1
22,2200,Anchored,623.7388617309566,1
22,2300,Anchored,904.7360495800776,1
22,2400,Anchored,908.2356364355464,1
22,2500,Anchored,958.7375036914059,1
22,2600,Anchored,973.208285673828,1
22,2700,Anchored,982.1018708935543,1
22,2800,Anchored,981.1703644433592,1
22,2900,Anchored,990.2082269287108,1
22,3000,Anchored,826.8783127795409,1
33,100,DQN,-8011.407078251954,0
33,200,DQN,-7714.99317796875,0
33,300,DQN,-6636.075610898438,0
33,400,DQN,-5474.482169990235,0
33,500,DQN,-4594.936960058593,0
33,600,DQN,-3708.411007373047,0
33,700,DQN,-2902.4268237500005,0
33,800,DQN,-2412.252664228515,0
33,900,DQN,-1896.2563526855465,0
33,1000,DQN,-1542.8997091796866,0
33,1100,DQN,-1185.6267501562488,0
33,1200,DQN,-771.1986924511704,0
33,1300,DQN,-439.0582560644514,0
33,1400,DQN,-330.3089521386704,0
33,1500,DQN,-78.58682294433473,0
33,1600,DQN,167.5722690917976,0
33,1700,DQN,339.98251416992207,0
33,1800,DQN,410.30389381835965,0
33,1900,DQN,553.9262083862303,0
33,2000,DQN,511.6734534545896,0
33,2100,DQN,670.5441992187497,1
33,2200,DQN,713.0173522460933,1
33,2300,DQN,688.6556025195308,1
33,2400,DQN,770.5503393164057,1
33,2500,DQN,827.7115102050776,1
33,2600,DQN,959.2538618457028,1
33,2700,DQN,972.9153608007807,1
33,2800,DQN,903.7990597851558,1
33,2900,DQN,968.7139083300779,1
33,3000,DQN,931.4591428710934,1
33,100,Dueling,-7997.409577792969,0
33,200,Dueling,-7712.492848867188,0
33,300,Dueling,-6623.177610898437,0
33,400,Dueling,-5468.674169990235,0
33,500,Dueling,-4582.0492871484375,0
33,600,Dueling,-3703.53407628418,0
33,700,Dueling,-2888.406232587891,0
33,800,Dueling,-2400.1242012109374,0
33,900,Dueling,-1909.1623018066405,0
33,1000,Dueling,-1571.9519177294912,0
33,1100,Dueling,-1221.7106578686512,0
33,1200,Dueling,-828.1564978759757,0
33,1300,Dueling,-450.4184490039051,0
33,1400,Dueling,-335.23274299316324,0
33,1500,Dueling,-76.73801462646429,0
33,1600,Dueling,140.08998441650436,0
33,1700,Dueling,306.72199442382816,0
33,1800,Dueling,448.9733758105467,0
33,1900,Dueling,638.9547147656245,0
33,2000,Dueling,666.7340968896481,0
33,2100,Dueling,723.1588964257809,1
33,2200,Dueling,749.1966831616206,1
33,2300,Dueling,561.5705175415035,1
33,2400,Dueling,738.24177963623,1
33,2500,Dueling,769.4724964648433,1
33,2600,Dueling,789.2057767187496,1
33,2700,Dueling,805.332533789062,1
33,2800,Dueling,937.4753308496089,1
33,2900,Dueling,942.9916602124019,1
33,3000,Dueling,1048.958087441406,1
33,100,Uniform,-7976.204744580078,0
33,200,Uniform,-7663.5788606640635,0
33,300,Uniform,-6617.705610898437,0
33,400,Uniform,-5487.352186962891,0
33,500,Uniform,-4582.2472886914065,0
33,600,Uniform,-3710.46407628418,0
33,700,Uniform,-2888.406232587891,0
33,800,Uniform,-2396.809513984375,0
33,900,Uniform,-1924.8279954736327,0
33,1000,Uniform,-1574.5390880761718,0
33,1100,Uniform,-1169.5092345458972,0
33,1200,Uniform,-775.964718227538,0
33,1300,Uniform,-382.01790120117073,0
33,1400,Uniform,-194.95759707031146,0
33,1500,Uniform,102.40614227539103,0
33,1600,Uniform,319.6652318750001,0
33,1700,Uniform,481.81370167968737,0
33,1800,Uniform,544.6248657226561,0
33,1900,Uniform,702.4822942773435,0
33,2000,Uniform,730.2798047753902,0
33,2100,Uniform,708.8263232141109,1
33,2200,Uniform,656.5800249075313,1
33,2300,Uniform,794.2546198779293,1
33,2400,Uniform,891.5592769189448,1
33,2500,Uniform,995.8014074658199,1
33,2600,Uniform,951.108342009277,1
33,2700,Uniform,967.0845675732418,1
33,2800,Uniform,1055.5525744042964,1
33,2900,Uniform,1071.4835837182613,1
33,3000,Uniform,1159.653991162109,1
33,100,Naive,-7973.06189116211,0
33,200,Naive,-7694.009362597658,0
33,300,Naive,-6637.195531835938,0
33,400,Naive,-5479.1979102246105,0
33,500,Naive,-4587.857796328125,0
33,600,Naive,-3719.9726758740235,0
33,700,Naive,-2910.8498215332033,0
33,800,Naive,-2402.4454075488284,0
33,900,Naive,-1927.207190961914,0
33,1000,Naive,-1611.45089171875,0
33,1100,Naive,-1256.7506698120114,0
33,1200,Naive,-909.4871738525381,0
33,1300,Naive,-408.2573773583962,0
33,1400,Naive,-297.82828087158043,0
33,1500,Naive,-17.17812011718646,0
33,1600,Naive,150.13919727539096,0
33,1700,Naive,298.25825478515617,0
33,1800,Naive,318.6113637988281,0
33,1900,Naive,494.87514753906214,0
33,2000,Naive,505.5452367382808,0
33,2100,Naive,609.8935749536129,1
33,2200,Naive,597.3470924438471,1
33,2300,Naive,611.8536820214838,1
33,2400,Naive,613.3308537249751,1
33,2500,Naive,680.7101164654534,1
33,2600,Naive,710.3652996655269,1
33,2700,Naive,711.5179568615716,1
33,2800,Naive,880.2462030566401,1
33,2900,Naive,917.8211598388666,1
33,3000,Naive,785.5988780273433,1
33,100,Anchored,-7962.642555800781,0
33,200,Anchored,-7662.053202578126,0
33,300,Anchored,-6615.027610898437,0
33,400,Anchored,-5472.898169990234,0
33,500,Anchored,-4589.771296406249,0
33,600,Anchored,-3707.36207628418,0
33,700,Anchored,-2888.406232587891,0
33,800,Anchored,-2396.8354044628904,0
33,900,Anchored,-1923.0100968994138,0
33,1000,Anchored,-1579.5944747509761,0
33,1100,Anchored,-1153.0666393017566,0
33,1200,Anchored,-780.9501453466785,0
33,1300,Anchored,-286.4505028320301,0
33,1400,Anchored,-154.1613283789054,0
33,1500,Anchored,117.3073715625004,0
33,1600,Anchored,309.9897297363283,0
33,1700,Anchored,483.8343169335935,0
33,1800,Anchored,393.58235619140606,0
33,1900,Anchored,529.3621509423824,0
33,2000,Anchored,621.8276549462887,0
33,2100,Anchored,711.8427287963864,1
33,2200,Anchored,673.3173779470822,1
33,2300,Anchored,798.4804472607418,1
33,2400,Anchored,898.595934077148,1
33,2500,Anchored,977.0804747387691,1
33,2600,Anchored,945.1136975292966,1
33,2700,Anchored,916.7248637109373,1
33,2800,Anchored,1002.0572499023434,1
33,2900,Anchored,1065.95408262207,1
33,3000,Anchored,1074.9707645166013,1
44,100,DQN,-7983.238550488281,0
44,200,DQN,-7726.810108623047,0
44,300,DQN,-6440.695080195313,0
44,400,DQN,-5507.977030546875,0
44,500,DQN,-4542.218992236329,0
44,600,DQN,-3736.4639887792964,0
44,700,DQN,-2945.6663600976563,0
44,800,DQN,-2429.519452832031,0
44,900,DQN,-1917.8451475488278,0
44,1000,DQN,-1537.175322792968,0
44,1100,DQN,-1131.8935898754871,0
44,1200,DQN,-882.8630485107407,0
44,1300,DQN,-591.2813876855449,0
44,1400,DQN,-310.0036289648426,0
44,1500,DQN,-117.92119419433502,0
44,1600,DQN,101.93322578125046,0
44,1700,DQN,320.8721085546877,0
44,1800,DQN,513.3379906249999,0
44,1900,DQN,598.5523366796874,0
44,2000,DQN,648.8016298510739,0
44,2100,DQN,707.9353687817379,1
44,2200,DQN,608.7070444879147,1
44,2300,DQN,729.0426644824214,1
44,2400,DQN,851.0512491113278,1
44,2500,DQN,899.6458045263669,1
44,2600,DQN,954.7198173876949,1
44,2700,DQN,1026.097198115234,1
44,2800,DQN,1030.756312412109,1
44,2900,DQN,772.4219737683103,1
44,3000,DQN,778.3407304040525,1
44,100,Dueling,-7950.946055585937,0
44,200,Dueling,-7686.047754492188,0
44,300,Dueling,-6444.457080195312,0
44,400,Dueling,-5541.769147812501,0
44,500,Dueling,-4554.493020810547,0
44,600,Dueling,-3705.472804892578,0
44,700,Dueling,-2942.8232625,0
44,800,Dueling,-2428.040608398437,0
44,900,Dueling,-1904.5312990917967,0
44,1000,Dueling,-1479.0589900732414,0
44,1100,Dueling,-1056.1248774169908,0
44,1200,Dueling,-731.0777146289051,0
44,1300,Dueling,-421.44069008788944,0
44,1400,Dueling,-172.44208884765573,0
44,1500,Dueling,113.00300806640655,0
44,1600,Dueling,201.84718574218766,0
44,1700,Dueling,391.50286861328095,0
44,1800,Dueling,470.50767037109347,0
44,1900,Dueling,592.8073824414058,0
44,2000,Dueling,645.6779738500974,0
44,2100,Dueling,770.0370457824703,1
44,2200,Dueling,729.8722457327266,1
44,2300,Dueling,799.0107736596676,1
44,2400,Dueling,905.0477528955074,1
44,2500,Dueling,861.3903881616208,1
44,2600,Dueling,911.1148221582029,1
44,2700,Dueling,1032.8944677783202,1
44,2800,Dueling,1050.3494517187498,1
44,2900,Dueling,1083.8691023925778,1
44,3000,Dueling,973.0419244335935,1
44,100,Uniform,-7943.856715527343,0
44,200,Uniform,-7765.13203902344,0
44,300,Uniform,-6447.643080195312,0
44,400,Uniform,-5508.307059863282,0
44,500,Uniform,-4536.012956005859,0
44,600,Uniform,-3713.1948126074217,0
44,700,Uniform,-2942.9552625,0
44,800,Uniform,-2425.752539941406,0
44,900,Uniform,-1916.741232265625,0
44,1000,Uniform,-1506.2466282519533,0
44,1100,Uniform,-1053.2296747460932,0
44,1200,Uniform,-873.4479210864249,0
44,1300,Uniform,-581.3483126953117,0
44,1400,Uniform,-374.70695559570254,0
44,1500,Uniform,-144.1967932519528,0
44,1600,Uniform,17.014734057618092,0
44,1700,Uniform,344.0689528662108,0
44,1800,Uniform,520.5770158691403,0
44,1900,Uniform,721.9314202441402,0
44,2000,Uniform,685.3420435522459,0
44,2100,Uniform,796.7570474560541,1
44,2200,Uniform,720.8365222705074,1
44,2300,Uniform,568.8435022912595,1
44,2400,Uniform,781.1919599377438,1
44,2500,Uniform,860.9429324487302,1
44,2600,Uniform,861.3556426562496,1
44,2700,Uniform,907.0925258178708,1
44,2800,Uniform,1013.0962409082027,1
44,2900,Uniform,1059.5217986718746,1
44,3000,Uniform,1092.790655878906,1
44,100,Naive,-7949.759969335936,0
44,200,Naive,-7693.179403046876,0
44,300,Naive,-6445.089080195313,0
44,400,Naive,-5544.056555664062,0
44,500,Naive,-4574.488245009766,0
44,600,Naive,-3725.2710283300794,0
44,700,Naive,-2946.6512625000005,0
44,800,Naive,-2427.138539941406,0
44,900,Naive,-1918.7066657617188,0
44,1000,Naive,-1528.9116802441404,0
44,1100,Naive,-1085.9156909594722,0
44,1200,Naive,-846.1110687768539,0
44,1300,Naive,-543.1950359814439,0
44,1400,Naive,-297.18489071288957,0
44,1500,Naive,-37.39017218749937,0
44,1600,Naive,184.61133202148463,0
44,1700,Naive,356.24153757812485,0
44,1800,Naive,585.9213186328121,0
44,1900,Naive,673.3591420410153,0
44,2000,Naive,713.359544448242,0
44,2100,Naive,513.5378461804195,1
44,2200,Naive,712.3000906909174,1
44,2300,Naive,622.3061686328122,1
44,2400,Naive,775.8765274902339,1
44,2500,Naive,883.8336629833981,1
44,2600,Naive,955.9940462451168,1
44,2700,Naive,966.2915669995114,1
44,2800,Naive,1033.1236986230465,1
44,2900,Naive,535.2915683520505,1
44,3000,Naive,1002.259016342773,1
44,100,Anchored,-7950.901422285155,0
44,200,Anchored,-7672.339553515625,0
44,300,Anchored,-6446.635080195312,0
44,400,Anchored,-5523.949107695313,0
44,500,Anchored,-4533.50495600586,0
44,600,Anchored,-3706.990804892578,0
44,700,Anchored,-2942.740289101562,0
44,800,Anchored,-2409.942826835937,0
44,900,Anchored,-1911.5157914648437,0
44,1000,Anchored,-1497.5447014941406,0
44,1100,Anchored,-1096.166778303222,0
44,1200,Anchored,-909.9941889086907,0
44,1300,Anchored,-628.2091727783194,0
44,1400,Anchored,-320.4764989013665,0
44,1500,Anchored,-97.15897214355431,0
44,1600,Anchored,27.83704135986367,0
44,1700,Anchored,309.33607919921866,0
44,1800,Anchored,466.0684131054687,0
44,1900,Anchored,671.2208135058589,0
44,2000,Anchored,754.5548132226561,0
44,2100,Anchored,824.1006514624019,1
44,2200,Anchored,824.1569611376949,1
44,2300,Anchored,730.4101688793941,1
44,2400,Anchored,702.6045815576167,1
44,2500,Anchored,791.0422627465817,1
44,2600,Anchored,895.8927552343746,1
44,2700,Anchored,878.1210879736325,1
44,2800,Anchored,989.8655213183589,1
44,2900,Anchored,915.7847257617183,1
44,3000,Anchored,968.814363974609,1
55,100,DQN,-7990.965451640625,0
55,200,DQN,-7867.861918652346,0
55,300,DQN,-6727.601342988282,0
55,400,DQN,-5387.81737152832,0
55,500,DQN,-4529.964809775391,0
55,600,DQN,-3587.962343701172,0
55,700,DQN,-3135.5017115039063,0
55,800,DQN,-2499.0502202343746,0
55,900,DQN,-1982.6663134667965,0
55,1000,DQN,-1481.774579550781,0
55,1100,DQN,-1182.7541171679682,0
55,1200,DQN,-873.7105608544907,0
55,1300,DQN,-453.30864738281105,0
55,1400,DQN,-163.15718145507702,0
55,1500,DQN,71.52212720703218,0
55,1600,DQN,294.8534835156253,0
55,1700,DQN,373.55004965820314,0
55,1800,DQN,538.384429189453,0
55,1900,DQN,616.6367425683593,0
55,2000,DQN,669.8580449169917,0
55,2100,DQN,687.0409116455074,1
55,2200,DQN,813.7961214929195,1
55,2300,DQN,755.914645092773,1
55,2400,DQN,826.1381528466793,1
55,2500,DQN,812.2730973632808,1
55,2600,DQN,894.7033758837887,1
55,2700,DQN,943.7794443847653,1
55,2800,DQN,942.7433415527339,1
55,2900,DQN,1031.4324779687495,1
55,3000,DQN,1102.430641816406,1
55,100,Dueling,-7937.796595527343,0
55,200,Dueling,-7624.572424804688,0
55,300,Dueling,-6707.691342988282,0
55,400,Dueling,-5373.42819887207,0
55,500,Dueling,-4524.948809775391,0
55,600,Dueling,-3587.852838857422,0
55,700,Dueling,-3134.862340742188,0
55,800,Dueling,-2502.5182694726564,0
55,900,Dueling,-1978.9994816699216,0
55,1000,Dueling,-1501.2760950097654,0
55,1100,Dueling,-1206.6416044726554,0
55,1200,Dueling,-937.5463038232405,0
55,1300,Dueling,-575.3799061425765,0
55,1400,Dueling,-281.2841761914046,0
55,1500,Dueling,-42.158920898436136,0
55,1600,Dueling,228.64835165039145,0
55,1700,Dueling,383.56190770507834,0
55,1800,Dueling,445.228977060547,0
55,1900,Dueling,594.7774688085938,0
55,2000,Dueling,589.2217023583981,0
55,2100,Dueling,604.415630693359,1
55,2200,Dueling,792.713058049316,1
55,2300,Dueling,741.6242978784176,1
55,2400,Dueling,734.737926028442,1
55,2500,Dueling,780.8204458178707,1
55,2600,Dueling,981.7545776513668,1
55,2700,Dueling,978.1197050927731,1
55,2800,Dueling,980.3577573730465,1
55,2900,Dueling,949.9229916113277,1
55,3000,Dueling,957.229502177734,1
55,100,Uniform,-7935.395883710938,0
55,200,Uniform,-7602.244869355469,0
55,300,Uniform,-6707.691342988282,0
55,400,Uniform,-5372.570198872071,0
55,500,Uniform,-4524.486809775391,0
55,600,Uniform,-3586.862838857422,0
55,700,Uniform,-3134.532340742188,0
55,800,Uniform,-2502.5182694726564,0
55,900,Uniform,-1978.2844800683595,0
55,1000,Uniform,-1486.1218968750002,0
55,1100,Uniform,-1253.1762792529296,0
55,1200,Uniform,-1003.1008068847643,0
55,1300,Uniform,-526.9128935058582,0
55,1400,Uniform,-276.62893487304575,0
55,1500,Uniform,-64.78592281249928,0
55,1600,Uniform,185.60689381835942,0
55,1700,Uniform,381.71352414062477,0
55,1800,Uniform,365.26978144531245,0
55,1900,Uniform,529.2750167382811,0
55,2000,Uniform,547.5304855468747,0
55,2100,Uniform,709.4497334912106,1
55,2200,Uniform,815.2821838354488,1
55,2300,Uniform,770.1542492419429,1
55,2400,Uniform,673.0678334191891,1
55,2500,Uniform,805.6804357397456,1
55,2600,Uniform,945.3924845800777,1
55,2700,Uniform,956.536059785156,1
55,2800,Uniform,904.2395323022456,1
55,2900,Uniform,982.8132346972651,1
55,3000,Uniform,990.5766542626949,1
55,100,Naive,-7986.737864804687,0
55,200,Naive,-7801.900518300784,0
55,300,Naive,-6758.797890253906,0
55,400,Naive,-5409.558845141601,0
55,500,Naive,-4560.001139677734,0
55,600,Naive,-3593.216007294922,0
55,700,Naive,-3134.7963268554686,0
55,800,Naive,-2502.5182694726564,0
55,900,Naive,-1982.060939873047,0
55,1000,Naive,-1483.547896875,0
55,1100,Naive,-1249.855268276367,0
55,1200,Naive,-1052.7135789550769,0
55,1300,Naive,-670.2875123461904,0
55,1400,Naive,-415.47760709960755,0
55,1500,Naive,-202.8890347875965,0
55,1600,Naive,39.98401246582109,0
55,1700,Naive,281.78090706054707,0
55,1800,Naive,383.55115007812486,0
55,1900,Naive,463.4447782849118,0
55,2000,Naive,604.2135845605463,0
55,2100,Naive,588.327910351562,1
55,2200,Naive,598.9362813476557,1
55,2300,Naive,316.49019739746086,1
55,2400,Naive,554.528369148559,1
55,2500,Naive,358.09760966003387,1
55,2600,Naive,634.2929575708002,1
55,2700,Naive,667.6716518090815,1
55,2800,Naive,695.9567721948238,1
55,2900,Naive,759.9780775415035,1
55,3000,Naive,724.163475874023,1
55,100,Anchored,-7979.524593339844,0
55,200,Anchored,-7609.1572071777355,0
55,300,Anchored,-6707.691342988282,0
55,400,Anchored,-5372.570198872071,0
55,500,Anchored,-4524.486809775391,0
55,600,Anchored,-3586.5328388574217,0
55,700,Anchored,-3134.532340742188,0
55,800,Anchored,-2502.5182694726564,0
55,900,Anchored,-1977.2477017285157,0
55,1000,Anchored,-1475.7575415429687,0
55,1100,Anchored,-1276.1350924560536,0
55,1200,Anchored,-956.0904908935529,0
55,1300,Anchored,-437.5366893749984,0
55,1400,Anchored,-239.00750934570166,0
55,1500,Anchored,-0.576007324217984,0
55,1600,Anchored,249.74596838867225,0
55,1700,Anchored,398.32353507812496,0
55,1800,Anchored,517.8828562792967,0
55,1900,Anchored,566.3778979687497,0
55,2000,Anchored,664.8208293066402,0
55,2100,Anchored,613.1230230566404,1
55,2200,Anchored,787.956595693359,1
55,2300,Anchored,678.9026971508786,1
55,2400,Anchored,691.5140063244626,1
55,2500,Anchored,839.2455834716793,1
55,2600,Anchored,906.7287102392573,1
55,2700,Anchored,1001.5457983935543,1
55,2800,Anchored,966.3628366650387,1
55,2900,Anchored,1026.5944195117183,1
55,3000,Anchored,1101.152144785156,1
