method,progress,n,mean,ci_low,ci_high
DQN,100,5,-7975.126162025391,-7997.596722054688,-7950.61737440039
DQN,200,5,-7738.534069103516,-7806.714422378907,-7694.084842869141
DQN,300,5,-6621.861133773438,-6693.609354878907,-6524.083901929688
DQN,400,5,-5492.314870227538,-5538.875175117187,-5435.881235135742
DQN,500,5,-4547.782945632813,-4576.429006341797,-4522.121604908204
DQN,600,5,-3692.5993331386717,-3749.565325599609,-3635.124872185547
DQN,700,5,-3011.292683603516,-3081.382072410156,-2941.537139757813
DQN,800,5,-2446.5654472753904,-2477.8311119570308,-2417.357586246094
DQN,900,5,-1940.7530878378905,-1986.65767153125,-1897.6218619121094
DQN,1000,5,-1515.7572040908196,-1534.4673181513663,-1497.3895416914056
DQN,1100,5,-1187.5651913061513,-1212.1459497636706,-1159.4305159174796
DQN,1200,5,-869.2043536479478,-903.872396271483,-818.8694259189439
DQN,1300,5,-485.1307977871077,-543.1699721718732,-440.7706241562484
DQN,1400,5,-240.65612374804567,-302.6369459003894,-178.67530159570205
DQN,1500,5,3.4978829648445866,-76.4043552246084,83.40012115429755
DQN,1600,5,214.64135112890668,148.20376733984432,281.07893491796904
DQN,1700,5,366.57850412695325,336.1604330468752,397.11319533984386
DQN,1800,5,467.1229044111328,412.4666973857422,519.4938361113279
DQN,1900,5,587.5631637314452,565.5587110107421,609.5676164521482
DQN,2000,5,627.9507216384275,557.1728145222165,693.3716474541012
DQN,2100,5,708.0443572104489,678.1746773291012,751.6934744750972
DQN,2200,5,746.8801869168698,670.5869214405514,813.8006135678708
DQN,2300,5,764.5625794394526,718.2622358193355,816.7746034091793
DQN,2400,5,843.9437280966793,803.6833424638668,879.0018095058591
DQN,2500,5,843.3127499580074,806.8166916542965,879.8088082617184
DQN,2600,5,925.4457199843746,897.7602420185543,953.1311979501949
DQN,2700,5,966.8266021982417,917.6862535771481,1010.896191320312
DQN,2800,5,927.4771660986323,867.5408822817378,987.7622677148432
DQN,2900,5,914.6318258415524,802.5083348569333,1026.7553168261716
DQN,3000,5,944.3646587375486,848.9229939616696,1039.3844036591795
Dueling,100,5,-7954.851415484375,-7977.305788562499,-7937.820782652345
Dueling,200,5,-7683.870396398439,-7715.488687757812,-7649.848816765627
Dueling,300,5,-6609.224307566406,-6673.885850152345,-6520.833348867188
Dueling,400,5,-5484.992163735352,-5542.291041517578,-5427.227816633788
Dueling,500,5,-4530.770766667969,-4559.606685138673,-4501.934848197266
Dueling,600,5,-3682.816610717774,-3733.401540873047,-3633.6246082480466
Dueling,700,5,-3005.1949421132813,-3078.4395613945317,-2931.9398565175784
Dueling,800,5,-2444.844501523438,-2480.218847390625,-2413.871440238281
Dueling,900,5,-1935.9234301269528,-1980.5784702187498,-1895.8330645136716
Dueling,1000,5,-1512.615511344726,-1545.329261419921,-1484.0283419257805
Dueling,1100,5,-1174.470677440917,-1212.0636527739248,-1113.4075511123033
Dueling,1200,5,-852.9510165429676,-909.0514391733384,-784.9604465986317
Dueling,1300,5,-514.9445925722642,-570.6434428076157,-457.94280067870966
Dueling,1400,5,-281.958230265624,-333.1542112460928,-223.70761357226493
Dueling,1500,5,-13.262636125487612,-84.47310193652272,63.043407233887116
Dueling,1600,5,189.54767856396515,154.0670976552737,225.0282594726566
Dueling,1700,5,385.6439965195312,338.99033365624996,431.3150003574218
Dueling,1800,5,488.1750420253905,451.7824752226562,524.5676088281247
Dueling,1900,5,624.0259941210935,599.3955803925779,649.8157597910155
Dueling,2000,5,658.9338410611568,617.951077922363,704.7500221951901
Dueling,2100,5,725.6286939274898,662.3398709340817,769.1799108930659
Dueling,2200,5,756.2970030535274,724.1977048472896,788.3963012597651
Dueling,2300,5,695.6181017114253,614.8120593666988,761.8861232446285
Dueling,2400,5,818.9239404005123,752.8495589992672,884.9983218017572
Dueling,2500,5,840.8414709423823,787.5592252587887,901.6304363193356
Dueling,2600,5,930.2354641044918,851.6267023212888,1006.1135874999997
Dueling,2700,5,953.5231480566403,874.4474023105464,1013.1922318486326
Dueling,2800,5,982.1062013813473,952.0617649003901,1018.679364424316
Dueling,2900,5,1010.1237994829098,963.5219483154293,1056.7256506503904
Dueling,3000,5,992.4412767119138,954.975869347656,1029.9066840761716
Uniform,100,5,-7947.355565134766,-7962.86035516211,-7935.341225988281
Uniform,200,5,-7675.468079328125,-7726.404294378907,-7630.623847132813
Uniform,300,5,-6607.486703554688,-6671.654017914063,-6521.464544855468
Uniform,400,5,-5482.3653495400395,-5534.100283097657,-5419.967799043947
Uniform,500,5,-4525.583154015625,-4555.72851972461,-4498.964848197265
Uniform,600,5,-3684.8362122607423,-3734.781053483399,-3633.4794082480475
Uniform,700,5,-3005.115742113281,-3078.2283613945315,-2932.045456517578
Uniform,800,5,-2443.8146558164067,-2480.3095528203125,-2412.08795165625
Uniform,900,5,-1943.3018592587891,-1987.2689953125002,-1904.815092165039
Uniform,1000,5,-1519.7939260195312,-1552.550771897461,-1487.3170118046874
Uniform,1100,5,-1164.1280720078119,-1220.8393170849606,-1100.8828391464838
Uniform,1200,5,-906.5294786948232,-968.0966324609365,-834.4546399428702
Uniform,1300,5,-537.5929202846668,-604.1460930839834,-452.9478328623036
Uniform,1400,5,-318.1754445209952,-378.3984887314445,-247.24173633593654
Uniform,1500,5,-31.90081467578089,-98.08053801953085,50.37291139062519
Uniform,1600,5,188.05665613671894,93.80812462109432,274.92318833593754
Uniform,1700,5,412.4974645029295,368.3308959589842,458.3912494453123
Uniform,1800,5,512.5465392675778,433.99522838281234,571.6552504121091
Uniform,1900,5,653.2829548535153,588.7885831093747,705.4734053925778
Uniform,2000,5,668.8489605473629,604.7367851005857,717.65271129248
Uniform,2100,5,755.5578101228023,721.9352354033199,789.1803848422846
Uniform,2200,5,732.9849055545039,685.024900078735,783.6144696530757
Uniform,2300,5,697.1107427756344,620.7091444870603,770.851622877441
Uniform,2400,5,788.5825747221676,721.7963461025389,848.8754647424312
Uniform,2500,5,888.1566942207028,838.8379337651364,948.6472900317378
Uniform,2600,5,934.6372500278316,897.2567223974605,956.3535807592771
Uniform,2700,5,941.640979728027,909.6745268403316,972.5783317304686
Uniform,2800,5,957.9674137358394,900.7786017490231,1016.7986992846675
Uniform,2900,5,1008.8647253168941,965.1551554648433,1052.574295168945
Uniform,3000,5,1056.8140425009763,980.8561509931639,1124.3082542207028
Naive,100,5,-7963.458265042968,-7978.324897068359,-7945.988348001953
Naive,200,5,-7716.771641734376,-7760.094095925783,-7683.71408444922
Naive,300,5,-6620.712397195313,-6706.070710351562,-6521.931660851563
Naive,400,5,-5494.133722606445,-5541.995956837891,-5449.191655597657
Naive,500,5,-4541.767179324218,-4576.9386444707025,-4506.595714177734
Naive,600,5,-3691.30840919043,-3741.69805969043,-3637.918842654297
Naive,700,5,-3010.3964571250003,-3079.1259530625002,-2944.758049869141
Naive,800,5,-2444.289516732422,-2479.3800350234374,-2414.6195090820315
Naive,900,5,-1945.7386211669923,-1992.4435350566407,-1905.0115127197264
Naive,1000,5,-1539.0005284560543,-1578.435207128906,-1505.829859463867
Naive,1100,5,-1203.879598043945,-1246.2003650903316,-1143.6993777788082
Naive,1200,5,-927.2839482250963,-995.4230169140613,-871.3073445410143
Naive,1300,5,-540.8646921630846,-617.8814853486316,-462.2324408076153
Naive,1400,5,-300.25095724072145,-358.18581770361163,-255.35686614697164
Naive,1500,5,-29.927580988768835,-128.60466891943247,52.32321917773478
Naive,1600,5,180.63824658300808,97.83494028808651,255.57944888378907
Naive,1700,5,357.1483428847656,303.2639722539063,414.51938783203104
Naive,1800,5,460.39421177539043,368.55935870703115,552.2290648437497
Naive,1900,5,563.4779013776854,491.4807765522458,635.4750262031247
Naive,2000,5,616.4601942739254,552.9445289360348,671.9202947246091
Naive,2100,5,647.4663668623042,562.7250176035152,732.2077161210933
Naive,2200,5,682.9322839948725,620.9733676547846,744.8912003349603
Naive,2300,5,637.8424174132076,463.4983430753171,781.4128725004879
Naive,2400,5,742.7787368344722,621.6976873493647,863.2384790214841
Naive,2500,5,732.2749739477534,527.7673216857906,876.4691580048824
Naive,2600,5,834.7640505273433,710.8124588525386,945.1948327060543
Naive,2700,5,840.9486229445796,728.4445750717769,953.4526708173826
Naive,2800,5,899.5941761894526,789.6780571230464,1009.5102952558589
Naive,2900,5,834.2103293613278,670.1034738657222,966.7485683974606
Naive,3000,5,878.0211385351558,773.8631410292963,982.1791360410152
Anchored,100,5,-7959.401305873046,-7973.08086171875,-7943.800545998049
Anchored,200,5,-7651.179928595704,-7673.65721665625,-7627.089675732423
Anchored,300,5,-6606.7627035546875,-6671.369197804687,-6520.129597203125
Anchored,400,5,-5481.652555711915,-5531.966078808594,-5423.294208610352
Anchored,500,5,-4526.612755558594,-4559.741324353515,-4499.017648197266
Anchored,600,5,-3683.2918107177743,-3732.7893951513674,-3633.3606082480464
Anchored,700,5,-3005.1123474335936,-3078.185366714844,-2931.873477798828
Anchored,800,5,-2441.0687858613283,-2478.1797937207034,-2407.2405115566403
Anchored,900,5,-1938.5915813916013,-1984.539578998047,-1896.1992274814452
Anchored,1000,5,-1528.477774283203,-1564.9676668066404,-1491.9878817597655
Anchored,1100,5,-1180.6769441176748,-1240.1414296254875,-1127.4704329453116
Anchored,1200,5,-890.0116894433583,-960.976604660643,-819.0467742260731
Anchored,1300,5,-493.13504494824093,-586.477911086913,-377.1022147578111
Anchored,1400,5,-262.63792440331923,-318.7887081806631,-204.39359867675688
Anchored,1500,5,7.202027712891106,-54.26570340234336,71.92155471679733
Anchored,1600,5,211.9224816977541,116.60061217138711,280.2266350683596
Anchored,1700,5,414.053794423828,355.93466110546865,460.4739933828124
Anchored,1800,5,490.28274942773425,437.07399033984365,533.1286198808591
Anchored,1900,5,598.2337121210934,552.733686655273,646.4119402441403
Anchored,2000,5,668.7221132961422,628.0846794809568,714.38514690332
Anchored,2100,5,726.5870778363033,664.6476110072017,781.9051257812496
Anchored,2200,5,738.4794913516231,666.4981117666622,801.4909547822261
Anchored,2300,5,766.5887065654293,705.8087806186519,840.9826881884761
Anchored,2400,5,818.5759327189937,735.1485069216304,901.1185292451166
Anchored,2500,5,889.2550405849606,828.1490141425778,950.3610670273434
Anchored,2600,5,944.3140713681638,910.071325695312,978.5568170410154
Anchored,2700,5,964.4930467431637,910.5267852050778,1014.6273386337887
Anchored,2800,5,995.7376969423825,976.4632248681637,1019.4857159570308
Anchored,2900,5,987.4147683203122,939.768490401367,1035.0610462392574
Anchored,3000,5,996.7365599782712,904.8840133659666,1072.8226064877927
