method,row_position,metric,seed,value,mean_flag
DQN,5,yield,11,9366.524024658203,0
DQN,5,yield,22,8388.810017089843,0
DQN,5,yield,33,8734.526220703125,0
DQN,5,yield,44,7894.688167114258,0
DQN,5,yield,55,9797.193935546877,0
Dueling,4,yield,11,8876.817778320312,0
Dueling,4,yield,22,9240.79531982422,0
Dueling,4,yield,33,9403.646123046876,0
Dueling,4,yield,44,8974.872939453126,0
Dueling,4,yield,55,8907.693051757813,0
Uniform,3,yield,11,9860.793142089844,0
Uniform,3,yield,22,8591.95946044922,0
Uniform,3,yield,33,10083.139184570313,0
Uniform,3,yield,44,9720.624404296876,0
Uniform,3,yield,55,9227.611735839844,0
Naive,2,yield,11,9225.552690429688,0
Naive,2,yield,22,8189.107578125,0
Naive,2,yield,33,8249.752392578124,0
Naive,2,yield,44,9263.79124267578,0
Naive,2,yield,55,7618.680227050781,0
Anchored,1,yield,11,9124.69122680664,0
Anchored,1,yield,22,7740.8753973388675,0
Anchored,1,yield,33,9465.333952636718,0
Anchored,1,yield,44,8899.040278320312,0
Anchored,1,yield,55,9776.823701171876,0
DQN,5,yield,0,8836.348473022463,1
Dueling,4,yield,0,9080.76504248047,1
Uniform,3,yield,0,9496.82558544922,1
Naive,2,yield,0,8509.376826171876,1
Anchored,1,yield,0,9001.352911254882,1
DQN,5,nitrogen,11,260.8,0
DQN,5,nitrogen,22,221.2,0
DQN,5,nitrogen,33,205.6,0
DQN,5,nitrogen,44,212.4,0
DQN,5,nitrogen,55,242.8,0
Dueling,4,nitrogen,11,255.2,0
Dueling,4,nitrogen,22,246.8,0
Dueling,4,nitrogen,33,253.6,0
Dueling,4,nitrogen,44,229.6,0
Dueling,4,nitrogen,55,236.0,0
Uniform,3,nitrogen,11,265.2,0
Uniform,3,nitrogen,22,248.8,0
Uniform,3,nitrogen,33,232.0,0
Uniform,3,nitrogen,44,239.2,0
Uniform,3,nitrogen,55,254.4,0
Naive,2,nitrogen,11,262.8,0
Naive,2,nitrogen,22,217.2,0
Naive,2,nitrogen,33,282.4,0
Naive,2,nitrogen,44,237.2,0
Naive,2,nitrogen,55,246.4,0
Anchored,1,nitrogen,11,262.0,0
Anchored,1,nitrogen,22,226.0,0
Anchored,1,nitrogen,33,222.4,0
Anchored,1,nitrogen,44,232.4,0
Anchored,1,nitrogen,55,249.2,0
DQN,5,nitrogen,0,228.56,1
Dueling,4,nitrogen,0,244.24,1
Uniform,3,nitrogen,0,247.92000000000002,1
Naive,2,nitrogen,0,249.2,1
Anchored,1,nitrogen,0,238.4,1
DQN,5,irrigation,11,220.68,0
DQN,5,irrigation,22,246.24,0
DQN,5,irrigation,33,255.24,0
DQN,5,irrigation,44,270.9,0
DQN,5,irrigation,55,228.3,0
Dueling,4,irrigation,11,233.04,0
Dueling,4,irrigation,22,204.42,0
Dueling,4,irrigation,33,211.26,0
Dueling,4,irrigation,44,239.52,0
Dueling,4,irrigation,55,236.04,0
Uniform,3,irrigation,11,220.62,0
Uniform,3,irrigation,22,203.46,0
Uniform,3,irrigation,33,224.4,0
Uniform,3,irrigation,44,229.14,0
Uniform,3,irrigation,55,238.14,0
Naive,2,irrigation,11,200.34,0
Naive,2,irrigation,22,245.1,0
Naive,2,irrigation,33,266.04,0
Naive,2,irrigation,44,248.34,0
Naive,2,irrigation,55,255.18,0
Anchored,1,irrigation,11,201.96,0
Anchored,1,irrigation,22,196.2,0
Anchored,1,irrigation,33,219.36,0
Anchored,1,irrigation,44,228.36,0
Anchored,1,irrigation,55,222.54,0
DQN,5,irrigation,0,244.27200000000002,1
Dueling,4,irrigation,0,224.856,1
Uniform,3,irrigation,0,223.152,1
Naive,2,irrigation,0,243.0,1
Anchored,1,irrigation,0,213.68400000000003,1
