method,seed,resource_value,yield_value,centroid_flag
DQN,11,260.8,9366.524024658203,0
DQN,22,221.2,8388.810017089843,0
DQN,33,205.6,8734.526220703125,0
DQN,44,212.4,7894.688167114258,0
DQN,55,242.8,9797.193935546877,0
DQN,0,228.56,8836.348473022463,1
Dueling,11,255.2,8876.817778320312,0
Dueling,22,246.8,9240.79531982422,0
Dueling,33,253.6,9403.646123046876,0
Dueling,44,229.6,8974.872939453126,0
Dueling,55,236.0,8907.693051757813,0
Dueling,0,244.24,9080.76504248047,1
Uniform,11,265.2,9860.793142089844,0
Uniform,22,248.8,8591.95946044922,0
Uniform,33,232.0,10083.139184570313,0
Uniform,44,239.2,9720.624404296876,0
Uniform,55,254.4,9227.611735839844,0
Uniform,0,247.92000000000002,9496.82558544922,1
Naive,11,262.8,9225.552690429688,0
Naive,22,217.2,8189.107578125,0
Naive,33,282.4,8249.752392578124,0
Naive,44,237.2,9263.79124267578,0
Naive,55,246.4,7618.680227050781,0
Naive,0,249.2,8509.376826171876,1
Anchored,11,262.0,9124.69122680664,0
Anchored,22,226.0,7740.8753973388675,0
Anchored,33,222.4,9465.333952636718,0
Anchored,44,232.4,8899.040278320312,0
Anchored,55,249.2,9776.823701171876,0
Anchored,0,238.4,9001.352911254882,1
