seed,cohort,delta_1m,delta_1p5m,late_gain_delta,improved
11,original5,-2334.987100272976,-1574.1783029430117,760.8087973299625,1
22,original5,-1503.212515917905,202.93227535006008,1706.1447912679614,1
33,original5,30.63138025113585,1096.6246621047994,1065.9932818536633,1
44,original5,198.39398306994372,425.7936539125094,227.39967084256568,1
55,original5,1876.4593539523175,1526.1453713560568,-350.313982596261,0
66,replication5,351.67674841459484,630.5364830810013,278.85973466640644,1
77,replication5,-3217.437557884822,-3746.617058822958,-529.1795009381358,0
88,replication5,966.62802075531,980.4072663606294,13.779245605319375,1
99,replication5,449.0726075148832,976.1635327477379,527.0909252328546,1
111,replication5,118.67032950502107,169.4042163308386,50.73388682581947,1
