env_steps,td3_mean,td3_ci_low,td3_ci_high,amaf_mean,amaf_ci_low,amaf_ci_high,delta_mean,delta_ci_low,delta_ci_high
10000,-1.4474778667995447,-1.9452911236072514,-1.0003499946508965,-1.4474778667995447,-1.9452911236072514,-1.0003499946508965,0.0,0.0,0.0
20000,-1.6150644306321873,-2.097110318748485,-1.1589981528276383,-1.6150644306321873,-2.097110318748485,-1.1589981528276383,0.0,0.0,0.0
30000,-472.65352909600733,-515.1474499312634,-426.62932687542127,-451.8539572510247,-508.36402308652026,-393.60520462933084,20.79957184498273,-50.50181358862006,95.50288281504143
40000,577.3987496214825,334.89592240403,798.0434814008609,687.2431094981014,393.52671262994113,1006.6056203457513,109.84435987661882,-202.30868530701147,448.2776323957777
50000,1989.8980081689908,1760.4369719452961,2193.3553925533797,2183.6574394404643,1876.64254541298,2457.4914080897465,193.75943127147286,-209.10358981512542,570.6882973374278
60000,2597.4469995644954,2333.838618218449,2828.7802746457696,2251.533690920214,1791.7737603150558,2697.6138033605343,-345.9133086442816,-876.9432624231225,141.67806719086545
70000,3362.858694296027,3194.7805153227214,3524.703920146202,3239.8888447339036,2946.6914711729287,3519.2990443118665,-122.96984956212346,-484.6386052920892,147.9702470033343
80000,3658.8208934893237,3356.7906612587417,3959.3058985783873,3915.4459205638545,3701.1128928643084,4101.022002093046,256.62502707453166,-87.01351850229017,604.1038442684493
90000,4142.964758761672,3976.1921037807783,4306.983344849488,4360.87655635346,4240.339374344374,4470.701905305747,217.91179759178743,35.19191304572639,416.66393828025167
100000,4450.635207545616,4206.748476445298,4685.829409057657,4561.994761976095,4365.485765011942,4765.787708249981,111.35955443047746,-202.66000687819493,410.4592563961447
110000,4833.407891356271,4690.147513509561,4983.00730105067,4899.734934100972,4748.0357862797755,5091.948144839604,66.32704274470234,-180.30934635408613,330.86794135037337
120000,4982.845549286654,4808.978963362983,5150.963837661911,5145.772030785153,4972.168642108094,5313.69702902531,162.92648149849873,-64.25303442721096,393.85516418134193
130000,5118.67514310731,4868.052010699961,5294.827525206771,5224.80328366597,4943.995092308641,5511.733384212925,106.12814055865984,-269.30913501738706,474.4136176818841
140000,5260.881709155083,5070.567799019442,5431.285025203295,5585.83736751283,5298.37359865504,5861.942228300884,324.9556583577473,-0.4408269372964223,636.7657070998832
150000,5524.301523062533,5252.118253628735,5731.96008248866,5763.953236131114,5505.867371406196,6011.883744095833,239.6517130685799,-119.20915805861348,575.6646158517887
160000,5606.823236371478,5450.478217720065,5730.63031110968,6000.829542936566,5760.6363587215155,6220.686403075516,394.0063065650872,98.96577614664928,697.1648928105266
170000,5794.36728582512,5564.860531978749,6013.56425395344,6234.272945345367,5884.598447820623,6575.598457707277,439.9056595202454,-4.130530159994396,861.7914614150819
180000,5978.767334991188,5763.843265775594,6165.0033897618905,6302.635328039473,5959.3987121024375,6628.334853228443,323.86799304828446,-70.88870759067996,684.3533297690983
190000,6041.127894747608,5714.923871986511,6377.471688849142,6383.611280456888,6001.637912459172,6731.3660171312085,342.4833857092807,-241.8667945352408,826.2398328994991
200000,6368.125655350048,6036.8959486710355,6673.832280257884,6667.167443271303,6231.733936796613,7098.863991188611,299.0417879212549,-299.0375935030732,829.6543131225637
210000,6422.122081134574,6017.8551694732405,6817.808881606633,6721.101026345275,6297.1467433982525,7155.6222074672605,298.9789452107023,-350.8662102616211,868.3525286279655
220000,6458.700375305345,6044.859507933861,6824.035914521218,6769.34701908502,6335.41025710402,7219.86927984636,310.64664377967483,-234.61259486389721,855.0291932438187
230000,6714.483733791014,6286.571382384807,7120.123953547334,6920.517182326429,6414.40589112304,7418.912295929643,206.03344853541466,-569.5170761020665,929.3786920424358
240000,6745.675122026017,6308.278265638675,7179.116219280768,7099.805569440131,6588.606512322757,7602.244867763972,354.13044741411414,-425.7314482664127,1042.735718422191
250000,6936.024079260965,6540.279749217703,7298.550977444793,7238.868026369569,6672.070470258233,7791.787663778002,302.84394710860505,-457.73891008601333,1035.9966152539762
260000,6842.155872503376,6094.450171023267,7481.217058973934,7295.292822560123,6733.2330405116445,7839.224836792405,453.13695005674646,-542.4812877930405,1420.841385700037
270000,6973.369602931937,6404.308657781199,7436.796956913658,7257.040691217824,6714.398052195975,7807.377416863464,283.6710882858865,-493.5842111041572,1069.0504260322484
280000,7296.45685149517,6778.404909479721,7795.813962360832,7415.087560812984,6856.73545928379,7957.846232690153,118.63070931781348,-743.9710773358972,882.8830206357837
290000,7432.778816140615,6827.514853096071,7983.593749854466,7494.652687344116,6901.796255787362,8064.9330880084835,61.8738712035014,-905.9090100907564,961.735222801437
300000,7400.876517597555,6915.552549862032,7847.107248609997,7613.668641874043,6990.774462304638,8196.680400395522,212.79212427648682,-604.2580964209399,967.5165629650204
310000,7502.372536651188,6961.652281301189,7987.33786607721,7679.218985277099,7028.967039904034,8301.018367917917,176.8464486259124,-764.8569690863584,1074.4137743769181
320000,7757.666193348568,7151.491300325459,8332.02837921206,7537.075409521907,6973.913465724197,8075.8883557227455,-220.59078382666104,-1187.0492210513755,617.5124900563931
330000,7760.320922826143,7205.412720155366,8261.249364631589,7598.400853888085,7060.995188093051,8100.437911722746,-161.9200689380591,-1040.4846911972118,622.3091945604104
340000,7833.081113051024,7228.009720420264,8370.96876865748,7811.286282263516,7178.101176194623,8424.872337189987,-21.794830787509454,-966.6540166900254,889.636051718405
350000,7941.35982335203,7281.300364482765,8538.724794197822,8036.280339716522,7330.872811480137,8718.101025269105,94.92051636449233,-1038.1124930101153,1165.058700631168
360000,7949.888885714713,7409.739067343266,8423.712031411467,8090.632920634441,7348.273573579987,8807.749259532802,140.7440349197278,-896.0789021095873,1093.9894052497662
370000,8234.349400207657,7597.032416476162,8793.438054345375,8101.211567378236,7376.700846331103,8822.76859909124,-133.13783282941958,-1252.647983560668,899.7322751674992
380000,8134.7274748691125,7481.721123912415,8744.80302140595,8145.9999477390475,7423.654228150825,8856.085507861895,11.272472869935154,-1115.4689958086265,1002.1562123478302
390000,8186.027026085736,7534.647623500673,8793.714662288483,8158.875213599125,7436.374909414984,8841.093033969402,-27.151812486611835,-1208.6850412035794,1040.5388152748021
400000,8331.133568820333,7641.4382640595795,8910.480449127323,8212.238588473308,7504.4224070217115,8883.254219299504,-118.89498034702437,-1229.1890386083178,893.2694507307466
410000,8488.385289693435,7803.431193148814,9079.337134616098,8404.307010276434,7639.268882158384,9146.491920957069,-84.07827941700089,-1232.1361342825387,956.4972011666276
420000,8541.27918425002,7893.933904159573,9088.574508767215,8288.743318577599,7578.491108710202,8969.091569921664,-252.535865672418,-1316.974158425366,737.6073079128686
430000,8661.172944316702,7944.564799093474,9273.778512712019,8431.234456573064,7671.110784296821,9147.706809091891,-229.93848774364014,-1400.6331013524314,838.773333506598
440000,8644.490005024887,7961.4553171538455,9223.174232398926,8339.108145292246,7602.28623543238,9042.17556530436,-305.3818597326399,-1407.343780133886,691.0533139061183
450000,8716.874556136554,8016.455181375922,9294.470218625898,8554.115998896374,7763.779413153393,9297.077397266292,-162.7585572401812,-1329.9595609900468,913.9597454024388
460000,8805.978648456066,8067.997077825389,9434.902312035416,8586.658709464707,7818.11730676882,9295.945716990664,-219.31993899135668,-1415.09484567508,859.5878050824083
470000,8911.1301198877,8178.997053093232,9528.85697247249,8680.812743948376,7900.345544569963,9394.133779053675,-230.31737593932266,-1365.6706282206273,797.9657587748081
480000,8823.755345428002,8038.3304943940375,9523.918635766482,8703.287623134653,7922.75457707119,9433.8430708613,-120.46772229335184,-1389.8296021861804,1078.561634948021
490000,9005.00721814809,8200.883024741634,9682.32130851333,8734.097327158002,7948.118208146059,9460.754864169568,-270.9098909900875,-1507.3928662082849,884.1511911634686
500000,9106.044011310487,8305.82304542418,9775.05803501725,8684.714666593409,7898.344729844703,9408.292920980555,-421.3293447170755,-1647.0342568989709,683.9771073211508
510000,9040.935228754011,8299.322810442092,9625.967509727028,8791.721048085239,7986.217195967465,9532.495209316778,-249.21418066877058,-1418.025877273606,811.001145306838
520000,9144.578389209353,8366.96446482158,9803.032419268491,8813.88714526998,8013.958954432216,9557.144017717947,-330.69124393937375,-1589.8434437386409,769.0947275140121
530000,9080.604287311513,8179.558288292144,9794.158911494422,8933.637445280761,8136.17689051625,9632.654485420935,-146.9668420307511,-1406.402688722788,996.7040461212191
540000,9187.09108947995,8418.20236498663,9817.931851729261,8845.049316982893,8075.186864245315,9521.519281543253,-342.041772497059,-1544.604744030426,770.2846517467694
550000,9171.746302870759,8313.731997788922,9882.44239957876,8908.066327694116,8106.362262873326,9637.791022661142,-263.6799751766437,-1502.2112158381515,846.8086312364871
560000,9147.94387676449,8433.53623193197,9700.463549504495,8928.767286344153,8160.748469920077,9611.514491559843,-219.17659042033537,-1318.4946446103402,755.4436833342413
570000,9334.638633500514,8508.584856405989,10019.620360520506,9034.887462560706,8264.553261484789,9702.071509885278,-299.75117093980606,-1526.8223227244657,803.4243164198264
580000,9258.917559995152,8401.84834767311,9993.462666539806,9049.908641303437,8224.444015509886,9782.654484657607,-209.00891869171528,-1546.9752539446458,981.1391991211531
590000,9362.824830076383,8511.77821905515,10098.291204090467,9096.391404050952,8298.336069341236,9810.667528600376,-266.4334260254318,-1535.6041418652082,881.8183854512014
600000,9503.222127813888,8676.89080288489,10166.647213014821,8974.0594645095,8190.9976046147485,9660.87027508623,-529.1626633043867,-1699.683658924486,502.2452730535891
610000,9479.35564417845,8663.640091994454,10145.558643382188,9091.591842565984,8283.539130811814,9806.148361885269,-387.7638016124659,-1626.7128737698886,770.0687657886209
620000,9399.871049361405,8600.099075186343,10079.81174456757,9164.055517757231,8351.149544086884,9897.228172950367,-235.81553160417644,-1506.9564582104222,899.5151050276123
630000,9528.217252306193,8696.758308721288,10224.912982963835,9256.41036499732,8442.415993274068,9977.0264901776,-271.8068873088747,-1531.6209013412554,871.3811383768068
640000,9588.782714036768,8772.03495726901,10240.083452054985,9331.570774761856,8497.394485531879,10062.866871716482,-257.21193927490924,-1463.0956491403742,857.165899676398
650000,9525.969599483524,8719.030084014255,10197.967470058738,9249.523671194294,8427.527160364225,9999.865405665834,-276.44592828923004,-1540.791536966243,861.2622485503838
660000,9541.968374989616,8712.122979017473,10257.245626196804,9316.898606627667,8466.155437569032,10081.984765000407,-225.06976836194843,-1515.6498892436944,937.2884540780601
670000,9730.737531678658,8902.067376197881,10391.942556253087,9280.946098382803,8485.728516159677,9985.182171842414,-449.79143329585486,-1673.7669537217341,685.0616117145271
680000,9531.711468963951,8646.450326984861,10225.841878960526,9311.781944486365,8447.801486470493,10079.257615822173,-219.9295244775849,-1530.512993927404,988.3741501091065
690000,9775.05555006561,8964.035288460227,10437.9638354975,9368.813323725346,8530.074691772674,10126.837411668599,-406.2422263402647,-1662.4001632176653,737.6351031715222
700000,9710.800548652887,8886.64002130331,10379.744624410387,9377.670128441436,8593.69345592872,10058.815774346887,-333.1304202114502,-1534.292801320202,801.3882054666587
710000,9742.121565432735,8878.277198015256,10448.23783980699,9500.579727248049,8687.981552933237,10205.622564381125,-241.54183818468573,-1499.7891887921576,908.1043096408083
720000,9867.603480497213,9043.32546017777,10529.162531626807,9440.091881395016,8628.53210075861,10145.858959394925,-427.5115991021993,-1663.4212050538595,724.4132528178578
730000,9825.986159313597,9018.254274621833,10489.320117156978,9258.374016329342,8470.59581896955,9975.307262674936,-567.6121429842565,-1812.2345513361347,614.8436328559571
740000,9904.344534530308,9122.671198308572,10551.477168250862,9492.93265886149,8682.257434159474,10215.93389034525,-411.4118756688169,-1658.2333400507566,743.8557727130432
750000,9838.436771535618,9048.745853055418,10494.915748040872,9490.512936273113,8702.70516969655,10175.858068187317,-347.9238352625067,-1566.0509541516653,752.5645216094531
760000,9850.315840937466,8993.418828663205,10582.896314731812,9505.511852194457,8749.262887430552,10166.335757753786,-344.8039887430099,-1532.5253854018026,725.7257503788023
770000,9834.51244897166,9134.455037359025,10421.996981317618,9488.851408261788,8722.325355999552,10161.298436038034,-345.66104070987205,-1492.2039119197136,685.6989710223354
780000,9922.701158510603,9194.153819140112,10521.124861033288,9600.834297902618,8760.740990070159,10356.76538841925,-321.86686060798274,-1409.7238186841334,641.8486906374186
790000,9951.761824580573,9100.75697617276,10622.381626086917,9692.426635816719,8886.707641575453,10405.196553055139,-259.3351887638552,-1472.2627027067506,842.2929359508927
800000,9808.373876743186,8976.07871116933,10450.727357936961,9590.807870598137,8798.689003232039,10293.05062766749,-217.5660061450476,-1388.319606272314,872.6074533529517
810000,10079.977853383974,9267.767466544403,10750.385916891166,9563.026891169317,8823.046675324722,10196.688952111688,-516.9509622146561,-1681.8507759875276,582.8658562055665
820000,10115.74948530044,9408.456897937178,10715.94096134805,9821.85520582295,9027.42492188821,10528.474337670872,-293.8942794774879,-1450.293704725183,767.5017446331142
830000,10115.149244887227,9439.184858579685,10658.584253645173,9772.211171938456,8985.624429919239,10469.113747846674,-342.9380729487724,-1464.2513129529143,661.9127656795936
840000,10086.404539339206,9371.519031249803,10709.042950502113,9802.821641275352,9059.377100839034,10447.182106831724,-283.58289806385574,-1430.50499158173,746.1918155019164
850000,10192.383772832556,9505.136194102019,10752.298816175626,9768.025409189042,9028.442253741472,10410.553510151893,-424.35836364351263,-1510.653380891316,570.2228611675014
860000,10162.312409111873,9474.396518085983,10749.895590583226,9880.856881946878,9114.801314958997,10558.810631916172,-281.4555271649955,-1450.8821346469274,779.482859091919
870000,10284.587791571164,9533.17450348073,10898.235148660373,9821.506888790309,9008.500855900229,10558.504883685222,-463.08090278085547,-1662.6651947564678,659.6702064257628
880000,10219.227916228554,9493.306680325764,10802.94250312098,9940.331717578203,9070.131537101086,10670.548984532454,-278.8961986503506,-1445.0271806312069,763.7835161831808
890000,10197.472278565538,9394.775066874463,10808.914661233808,10042.3547606447,9300.765622775136,10693.96933656654,-155.11751792083942,-1254.1648445303824,865.3829244496206
900000,10323.383197346793,9671.110099155367,10874.622086410853,9938.04667769658,9169.48983177548,10592.677958421045,-385.336519650215,-1484.134902935912,589.0126499644169
910000,10297.319444378465,9529.371109534692,10885.460237868592,9998.961058762869,9227.313297788234,10694.712443067032,-298.3583856155942,-1378.5286013152129,686.7686602221294
920000,10382.1523044608,9772.615192221367,10886.229572449362,10119.509232355553,9368.733092555725,10772.828095289822,-262.64307210524623,-1314.5708528017308,665.4213776530537
930000,10439.07848119781,9790.112613356614,10982.655601472636,10087.413425882334,9343.431651127685,10749.91093293338,-351.66505531547875,-1400.0533207263356,560.080083144109
940000,10354.683977865867,9742.542590431141,10857.896404334046,10034.177496302445,9312.418358577475,10654.502736033483,-320.5064815634234,-1299.3267929281787,558.4987279164287
950000,10356.579086789683,9727.390958197353,10888.1949540276,10052.030887230683,9263.445107967744,10750.650213072167,-304.5481995590004,-1405.3128432545561,657.1773993286711
960000,10480.566399897441,9827.935799261531,11030.881108197254,10119.865016811938,9413.748266398447,10740.951953565827,-360.70138308550395,-1381.680186158521,533.7181360415325
970000,10398.742723450805,9792.735059927603,10890.991152032218,10203.023726470314,9451.332694227096,10857.8286696514,-195.71899698049273,-1206.6831860498864,665.3777194845976
980000,10455.17764833567,9809.59800763689,11022.12520336819,10180.220052251165,9435.986229997055,10855.853187269997,-274.9575960845067,-1338.1707105361136,655.8601039050897
990000,10365.821810347892,9813.158055693262,10828.176128411522,10242.301243366623,9519.70450490787,10886.376665538719,-123.52056698126862,-1048.8139534503703,678.7546959492814
1000000,10504.172519289688,9915.539494594788,11002.433896743883,10197.762044228435,9513.965679277357,10789.649066869268,-306.41047506124914,-1261.823639349509,558.9824874977925
1010000,10579.566136472005,9975.139102923507,11094.79944053996,10221.726785504361,9441.596847020963,10907.189910021856,-357.8393509676449,-1448.3128374354192,598.2313459346864
1020000,10573.488547433426,9939.173773980498,11086.901137464814,10195.675409478925,9446.361529606906,10859.042430764312,-377.81313795450325,-1462.4519249536702,605.5650786594582
1030000,10551.64504445867,9935.821608232447,11095.544377526916,10159.67211254625,9351.845057090348,10909.255962165245,-391.97293191242034,-1468.0629682993074,568.0768826706008
1040000,10529.009595293426,9934.216395525189,11042.13586170926,10368.365441861566,9643.044907687177,11018.833215169885,-160.64415343186192,-1177.9568205337366,715.4880457648622
1050000,10629.478031783548,10082.672261923373,11078.49120271495,10360.144710768744,9589.547562344163,11032.86874779781,-269.3333210148048,-1272.8436794913134,615.2876757616723
1060000,10536.066625872978,10020.32974481556,10992.00721303623,10254.856673224856,9538.393638953808,10925.253518115454,-281.20995264811984,-1168.9665469969061,493.383567305048
1070000,10677.683271202233,10030.256964332057,11195.58143842396,10446.699293716143,9735.429734461488,11065.699034921003,-230.98397748609077,-1182.284624957579,591.5047751479631
1080000,10758.894874185742,10228.59188709324,11211.813172777283,10468.127571677553,9721.301903757998,11122.988665486944,-290.7673025081922,-1269.3667271933584,571.9316337057232
1090000,10765.077285625568,10218.84725262332,11255.29233899088,10530.801032520827,9817.625540220663,11147.950883587633,-234.27625310474014,-1244.1551403162089,646.1404460887129
1100000,10800.472269593625,10240.656770588108,11263.583604388507,10529.796769289427,9827.883682622822,11137.18980683813,-270.6755003041988,-1215.6418018399115,558.5619591876606
1110000,10869.68912176432,10333.3974500989,11332.427321751344,10547.475876968196,9863.441029186115,11125.144891034777,-322.2132447961234,-1237.1550278969912,487.160101753231
1120000,10791.45088896079,10195.807664544,11312.748054517824,10569.793939211366,9841.009515555364,11206.905683210942,-221.6569497494241,-1229.661653776263,643.5283075262765
1130000,10857.79568786183,10310.902574746991,11328.47546673598,10566.154957961542,9836.748516246069,11198.492796525976,-291.6407299002876,-1242.701716967654,525.8146102036959
1140000,10936.58180315406,10382.271039498663,11419.145650572375,10637.947737618848,9906.793057240751,11274.82728265066,-298.6340655352113,-1289.2467532434937,572.1075473285697
1150000,10870.651965628242,10341.726183445599,11343.24126565815,10627.157334307452,9883.0726244699,11271.035991589886,-243.49463132078853,-1276.5539614518507,642.4638078395078
1160000,10827.345159430864,10317.005470151662,11237.846125360777,10664.545969927294,9962.454785959959,11245.124911006462,-162.79918950356986,-1057.5155447525628,584.0855156909131
1170000,10974.815090629283,10453.627095214893,11431.584914049225,10757.521321490876,10017.02816555294,11372.307402168417,-217.2937691384086,-1230.0995012751762,648.289564855864
1180000,10981.316129142655,10434.75753379918,11441.855669881648,10758.019759890458,10005.84913869396,11397.582371391127,-223.2963692521984,-1198.9386114182594,616.9747372167086
1190000,10991.574729395135,10434.065030719144,11469.839940667285,10796.918933842255,10067.090841435256,11406.864450888545,-194.65579555288224,-1175.6936380418501,631.307351157947
1200000,10958.375106707874,10430.31287397982,11415.346961762189,10656.422545433412,9970.710812560854,11239.574557084105,-301.952561274461,-1230.7799429594302,503.43440196862394
1210000,11012.504353707896,10476.93622257534,11470.487583655797,10771.054795188504,10070.958279571048,11364.296639849508,-241.44955851939193,-1179.6807837793883,588.9652426924596
1220000,11014.69500149056,10497.084275087027,11452.874039384773,10889.680067600482,10156.24141427504,11509.645655844792,-125.01493389007683,-1075.675932354019,692.47959833728
1230000,11026.49073630395,10533.898566718228,11451.652920559733,10861.179241068394,10139.936572825358,11472.373751159057,-165.31149523555777,-1092.2080183999958,614.4032574211915
1240000,11063.943385978957,10545.734403172855,11511.151136869508,10979.64363606728,10225.165838042081,11615.938354323567,-84.29974991167782,-1036.4713400716469,713.679912496919
1250000,11026.065594177568,10523.205321830224,11438.991815838637,10741.137310005204,10061.810248205418,11323.331378378442,-284.9282841723625,-1166.7418027058025,417.2243762875778
1260000,11084.594304818294,10604.567658248458,11503.417042340136,10997.092586376377,10243.601613807166,11630.095230365372,-87.50171844191809,-1052.0689705212203,725.6457295563662
1270000,11067.846217276452,10441.008164809122,11571.645356387231,10987.519884219128,10268.602658543477,11592.89120656557,-80.3263330573247,-1071.0056801985274,753.4105548289284
1280000,11171.19338051818,10671.360054713223,11600.13320285875,10940.504800421728,10131.359551915575,11584.697657385597,-230.68858009645155,-1263.5186833628677,589.8564863667627
1290000,11170.585515498964,10670.63119703194,11588.879317030887,11028.59559110532,10290.643883845863,11620.967938865011,-141.9899243936432,-1070.5184357765127,626.1088815863446
1300000,11155.658144057368,10652.614247304704,11587.174943664195,11116.694799465065,10378.152503236191,11721.226849557375,-38.9633445923042,-988.5910684297395,755.1953505862261
1310000,11185.231545465673,10678.04837697859,11628.635034752033,11171.307132892241,10400.97507111191,11789.994714990124,-13.924412573433255,-980.4121462802877,801.8819035209243
1320000,11173.765603909764,10527.017488168052,11702.623888633823,11069.526824211463,10324.218990845497,11657.783428951107,-104.23877969829846,-1124.729821419322,760.2430910786474
1330000,11227.775884849885,10702.69187371012,11681.124855971942,11161.49281231473,10408.815741793323,11769.763555439442,-66.28307253515723,-1069.2277985644787,780.2309501254389
1340000,11328.89218003074,10835.17873961128,11770.153278438447,11146.869422337042,10312.155070846853,11840.27244528812,-182.02275769369606,-1193.581624451463,644.5705585365446
1350000,11294.247243551396,10809.085343840325,11717.236359972958,11100.576603884161,10382.30859558943,11688.040352562379,-193.6706396672329,-1045.754545941552,471.1809031305287
1360000,11322.437581490656,10835.784768001553,11764.240533982704,11232.307634716333,10452.654406286252,11880.16249370363,-90.12994677432343,-1075.3277955059266,737.3249167418941
1370000,11122.162327528444,10616.365042267373,11582.529534819623,11150.063656835433,10413.17584896697,11761.390833374373,27.901329306988735,-947.4366184371877,848.7621042357084
1380000,11360.095681121082,10879.039744363818,11784.384175051819,11317.976879319851,10530.485174388525,11954.976249799429,-42.11880180122971,-1053.7166909799155,750.3703313033884
1390000,11396.613102350333,10888.319114487418,11840.085990306028,11245.722294570638,10426.509780518541,11918.440471856828,-150.89080777969411,-1156.0388581480909,630.3247162193023
1400000,11283.285656051283,10739.01807251114,11784.363768442643,11238.647723954995,10463.56461093082,11846.177772494233,-44.637932096287294,-1108.7000124760345,836.759028728897
1410000,11179.901252372396,10688.075295941228,11666.10898250969,11152.502777397183,10445.10673212654,11716.475648679725,-27.398474975212046,-1040.8998830138635,825.0847744438272
1420000,11343.957034345405,10840.360909079174,11807.871106198098,11164.340754899793,10334.00954211034,11869.423034589812,-179.6162794456095,-1211.5245762071497,713.5885696691236
1430000,11441.908218021588,10974.245558380251,11838.823934479657,11340.846468387503,10514.66164329315,12006.63265896634,-101.06174963408539,-1092.370899632175,687.2027176905082
1440000,11502.904077638914,11026.540780353731,11889.856626544473,11327.782434480354,10549.017288998311,11950.278403331886,-175.1216431585608,-1115.7555681824772,588.642010365619
1450000,11478.72812480121,11013.182958796227,11871.024592982205,11401.12058384717,10605.782447340373,12063.569452503336,-77.60754095404009,-1062.6139246895686,687.5036205501285
1460000,11513.947852760559,11018.151918391719,11958.95624815215,11449.717213315742,10643.475214334105,12094.778135962293,-64.230639444816,-1079.2072982510754,759.4628909529004
1470000,11547.00665464254,11059.607978215832,11947.693374416296,11479.514157106247,10648.74229890735,12147.34060294649,-67.49249753629302,-1109.9302823438472,778.5246455227278
1480000,11487.26551274447,11010.558201055623,11922.088033032445,11554.949930357698,10763.264275033529,12180.15051592978,67.68441761322575,-982.231307715175,896.9840870218303
1490000,11660.188898844084,11176.816262070812,12060.41748543158,11399.826324843667,10624.279502629446,11999.398319525577,-260.36257400041666,-1241.8777145006386,508.437279982912
1500000,11476.861280875526,10996.847459781417,11911.136913773762,11545.582490823293,10741.518736407706,12190.102193145589,68.72120994776651,-976.0545386763334,859.4238266289992
