seed,uniform_last5,protected_last5,delta_last5,uniform_retention,protected_retention,delta_retention_pp
11,252.6460630540436,251.12225070561817,-1.5238123484254231,88.89984261628227,89.84569110843012,0.9458484921478458
22,267.9223654560178,253.9454389767548,-13.976926479263028,94.52249825120388,90.47788047842108,-4.0446177727828
33,234.25372011174687,232.0492637857728,-2.204456325974064,82.51816074094178,83.9811297602,1.4629690192582245
44,268.87228373354804,276.21679562482217,7.344511891274124,93.60283462083852,98.62172253935285,5.018887918514324
55,243.5393787795601,201.0086770921727,-42.53070168738742,87.26396925836295,74.24730561956714,-13.016663638795805
66,226.6765464292268,265.542844348167,38.866297918940234,87.36809223345846,97.8292363158574,10.461144082398945
77,236.8593803583338,254.2665866810261,17.407206322692304,84.38731897849767,91.60389527049576,7.216576291998081
88,262.6543046624896,238.74102510532785,-23.913279557161758,95.05545988384964,86.39670416716531,-8.658755716684325
99,280.43951127346315,264.66570269773126,-15.773808575731891,98.59202647641918,94.50892692172174,-4.083099554697441
111,255.5265565145596,241.30669290839688,-14.219863606162704,93.00306790090136,85.11818911902405,-7.884878781877305
