seed,seed_y,metric,metric_x,value,display,color_score,x_low,x_high,y_low,y_high
11,10,naive_last5,1,245.5276342614985,246,0.8970188489922374,0.52,1.48,9.54,10.46
22,9,naive_last5,1,206.29141918538065,206,0.7536719520441484,0.52,1.48,8.54,9.46
33,8,naive_last5,1,248.6872091156136,249,0.9085621451571188,0.52,1.48,7.54,8.46
44,7,naive_last5,1,-94.14603024191334,-94,-0.34395624728272106,0.52,1.48,6.54,7.46
55,6,naive_last5,1,247.2553592080417,247,0.9033309769430682,0.52,1.48,5.54,6.46
66,5,naive_last5,1,259.4920403106554,259,0.9480368758581413,0.52,1.48,4.54,5.46
77,4,naive_last5,1,261.1450161961739,261,0.9540759130960457,0.52,1.48,3.54,4.46
88,3,naive_last5,1,273.7151337871421,274,1.0,0.52,1.48,2.54,3.46
99,2,naive_last5,1,90.73084775187226,91,0.3314791056545313,0.52,1.48,1.54,2.46
111,1,naive_last5,1,-105.41783655875908,-105,-0.3851370404704715,0.52,1.48,0.54,1.46
11,10,protected_last5,2,251.12225070561817,251,0.9091490984013542,1.52,2.48,9.54,10.46
22,9,protected_last5,2,253.9454389767548,254,0.9193700129722815,1.52,2.48,8.54,9.46
33,8,protected_last5,2,232.0492637857728,232,0.8400983121278369,1.52,2.48,7.54,8.46
44,7,protected_last5,2,276.21679562482217,276,1.0,1.52,2.48,6.54,7.46
55,6,protected_last5,2,201.0086770921727,201,0.7277206899655637,1.52,2.48,5.54,6.46
66,5,protected_last5,2,265.542844348167,266,0.9613566175347523,1.52,2.48,4.54,5.46
77,4,protected_last5,2,254.2665866810261,254,0.9205326783472991,1.52,2.48,3.54,4.46
88,3,protected_last5,2,238.74102510532785,239,0.8643247944618232,1.52,2.48,2.54,3.46
99,2,protected_last5,2,264.66570269773126,265,0.9581810624478446,1.52,2.48,1.54,2.46
111,1,protected_last5,2,241.30669290839688,241,0.8736133961823135,1.52,2.48,0.54,1.46
11,10,last5_delta,3,5.59461644411968,+6,0.015105772106115052,2.52,3.48,9.54,10.46
22,9,last5_delta,3,47.65401979137414,+48,0.12866847443409743,2.52,3.48,8.54,9.46
33,8,last5_delta,3,-16.63794532984079,-17,-0.04492336748674522,2.52,3.48,7.54,8.46
44,7,last5_delta,3,370.36282586673553,+370,1.0,2.52,3.48,6.54,7.46
55,6,last5_delta,3,-46.24668211586902,-46,-0.1248685853058848,2.52,3.48,5.54,6.46
66,5,last5_delta,3,6.050804037511625,+6,0.016337503698842695,2.52,3.48,4.54,5.46
77,4,last5_delta,3,-6.878429515147815,-7,-0.018572138008318417,2.52,3.48,3.54,4.46
88,3,last5_delta,3,-34.97410868181427,-35,-0.09443201703617712,2.52,3.48,2.54,3.46
99,2,last5_delta,3,173.934854945859,+174,0.4696336748668304,2.52,3.48,1.54,2.46
111,1,last5_delta,3,346.72452946715595,+347,0.9361752996017879,2.52,3.48,0.54,1.46
11,10,naive_retention_pct,4,92.27459634027733,92,0.964727474978833,3.52,4.48,9.54,10.46
22,9,naive_retention_pct,4,80.65016608734247,81,0.8431944887533883,3.52,4.48,8.54,9.46
33,8,naive_retention_pct,4,91.38926270017568,91,0.9554713446785776,3.52,4.48,7.54,8.46
44,7,naive_retention_pct,4,-42.99072472744437,-43,-0.4494664291011825,3.52,4.48,6.54,7.46
55,6,naive_retention_pct,4,87.20624157571766,87,0.9117380143012759,3.52,4.48,5.54,6.46
66,5,naive_retention_pct,4,93.62810921674992,94,0.9788784017935709,3.52,4.48,4.54,5.46
77,4,naive_retention_pct,4,92.28609035423112,92,0.9648476444674985,3.52,4.48,3.54,4.46
88,3,naive_retention_pct,4,95.64835534750569,96,1.0,3.52,4.48,2.54,3.46
99,2,naive_retention_pct,4,49.51416866024255,50,0.5176687929483962,3.52,4.48,1.54,2.46
111,1,naive_retention_pct,4,-42.98405681382216,-43,-0.4493967163121022,3.52,4.48,0.54,1.46
11,10,protected_retention_pct,5,89.84569110843012,90,0.9110132006929726,4.52,5.48,9.54,10.46
22,9,protected_retention_pct,5,90.47788047842108,90,0.9174234453501647,4.52,5.48,8.54,9.46
33,8,protected_retention_pct,5,83.9811297602,84,0.8515479916373309,4.52,5.48,7.54,8.46
44,7,protected_retention_pct,5,98.62172253935285,99,1.0,4.52,5.48,6.54,7.46
55,6,protected_retention_pct,5,74.24730561956714,74,0.7528494099252868,4.52,5.48,5.54,6.46
66,5,protected_retention_pct,5,97.8292363158574,98,0.9919643846904092,4.52,5.48,4.54,5.46
77,4,protected_retention_pct,5,91.60389527049576,92,0.9288409582781645,4.52,5.48,3.54,4.46
88,3,protected_retention_pct,5,86.39670416716531,86,0.8760413217553626,4.52,5.48,2.54,3.46
99,2,protected_retention_pct,5,94.50892692172174,95,0.9582972644186986,4.52,5.48,1.54,2.46
111,1,protected_retention_pct,5,85.11818911902405,85,0.8630774937545782,4.52,5.48,0.54,1.46
11,10,retention_delta_pp,6,-2.42890523184721,-2,-0.017151777818450967,5.52,6.48,9.54,10.46
22,9,retention_delta_pp,6,9.827714391078615,+10,0.06939866219925742,5.52,6.48,8.54,9.46
33,8,retention_delta_pp,6,-7.408132939975673,-7,-0.05231272450237925,5.52,6.48,7.54,8.46
44,7,retention_delta_pp,6,141.61244726679723,+142,1.0,5.52,6.48,6.54,7.46
55,6,retention_delta_pp,6,-12.958935956150512,-13,-0.09150986517262803,5.52,6.48,5.54,6.46
66,5,retention_delta_pp,6,4.201127099107481,+4,0.029666368883468103,5.52,6.48,4.54,5.46
77,4,retention_delta_pp,6,-0.6821950837353654,-1,-0.004817338425414772,5.52,6.48,3.54,4.46
88,3,retention_delta_pp,6,-9.251651180340374,-9,-0.06533077677070508,5.52,6.48,2.54,3.46
99,2,retention_delta_pp,6,44.99475826147919,+45,0.3177316622225253,5.52,6.48,1.54,2.46
111,1,retention_delta_pp,6,128.10224593284622,+128,0.9045973599446533,5.52,6.48,0.54,1.46
