method,method_y,seed,seed_y,last5,retention_pct
DQN,5.0,11,4.84,250.81134930621187,89.00730558944112
DQN,5.0,22,4.875555555555556,246.0821710179528,87.73817739238504
DQN,5.0,33,4.911111111111111,208.91994763875044,78.17052469018195
DQN,5.0,44,4.946666666666666,82.67112651179704,30.189194109049627
DQN,5.0,55,4.982222222222222,238.9445199656749,85.12678614803359
DQN,5.0,66,5.017777777777778,274.2908437125154,97.5338733484002
DQN,5.0,77,5.053333333333334,210.3918760818349,78.37543603692399
DQN,5.0,88,5.088888888888889,249.38270831310987,90.5221739649245
DQN,5.0,99,5.124444444444444,240.37359597024155,86.62262283255748
DQN,5.0,111,5.16,229.8066676799536,88.05319084903567
Dueling,4.0,11,3.84,280.6221265880267,96.87094474424944
Dueling,4.0,22,3.8755555555555556,266.1690990838307,94.63038428950726
Dueling,4.0,33,3.911111111111111,253.9270370716225,89.83049849002374
Dueling,4.0,44,3.9466666666666668,233.50697866266592,83.080424746837
Dueling,4.0,55,3.982222222222222,247.60776309868237,87.57771878129387
Dueling,4.0,66,4.017777777777778,225.05047984198808,82.78638988073904
Dueling,4.0,77,4.053333333333334,284.99476779239257,99.73554204406716
Dueling,4.0,88,4.088888888888889,230.93813832564825,82.67672677526382
Dueling,4.0,99,4.124444444444444,-50.504086904016575,-39.18027636107857
Dueling,4.0,111,4.16,258.3259192110829,94.1116747458414
Uniform,3.0,11,2.84,252.6460630540436,88.89984261628227
Uniform,3.0,22,2.8755555555555556,267.9223654560178,94.52249825120388
Uniform,3.0,33,2.911111111111111,234.25372011174687,82.51816074094178
Uniform,3.0,44,2.9466666666666668,268.87228373354804,93.60283462083852
Uniform,3.0,55,2.982222222222222,243.5393787795601,87.26396925836295
Uniform,3.0,66,3.017777777777778,226.6765464292268,87.36809223345846
Uniform,3.0,77,3.0533333333333332,236.8593803583338,84.38731897849767
Uniform,3.0,88,3.088888888888889,262.6543046624896,95.05545988384964
Uniform,3.0,99,3.1244444444444444,280.43951127346315,98.59202647641918
Uniform,3.0,111,3.16,255.5265565145596,93.00306790090136
Naive,2.0,11,1.84,245.5276342614985,92.27459634027733
Naive,2.0,22,1.8755555555555556,206.29141918538065,80.65016608734247
Naive,2.0,33,1.9111111111111112,248.6872091156136,91.38926270017568
Naive,2.0,44,1.9466666666666668,-94.14603024191334,-42.99072472744437
Naive,2.0,55,1.982222222222222,247.2553592080417,87.20624157571766
Naive,2.0,66,2.017777777777778,259.4920403106554,93.62810921674992
Naive,2.0,77,2.0533333333333332,261.1450161961739,92.28609035423112
Naive,2.0,88,2.088888888888889,273.7151337871421,95.64835534750569
Naive,2.0,99,2.1244444444444444,90.73084775187226,49.51416866024255
Naive,2.0,111,2.16,-105.41783655875908,-42.98405681382216
Protected,1.0,11,0.84,251.12225070561817,89.84569110843012
Protected,1.0,22,0.8755555555555555,253.9454389767548,90.47788047842108
Protected,1.0,33,0.9111111111111111,232.0492637857728,83.9811297602
Protected,1.0,44,0.9466666666666667,276.21679562482217,98.62172253935285
Protected,1.0,55,0.9822222222222222,201.0086770921727,74.24730561956714
Protected,1.0,66,1.017777777777778,265.542844348167,97.8292363158574
Protected,1.0,77,1.0533333333333332,254.2665866810261,91.60389527049576
Protected,1.0,88,1.0888888888888888,238.74102510532785,86.39670416716531
Protected,1.0,99,1.1244444444444444,264.66570269773126,94.50892692172174
Protected,1.0,111,1.16,241.30669290839688,85.11818911902405
