method,method_y,metric,n,mean,median,ci_low,ci_high
DQN,5,last5,10,223.16748061980425,239.65905796795823,188.0877742056169,247.76238905109227
DQN,5,retention_pct,10,81.13392849609332,87.18040011247126,68.66693888436325,89.4027150738398
Dueling,4,last5,10,223.06382227719237,250.76740008515242,158.0974209565674,262.83242036226693
Dueling,4,retention_pct,10,77.21200281367442,88.7041086356588,50.06296703745581,92.97396679430368
Uniform,3,last5,10,252.93901103729894,254.0863097843016,242.81242289106586,263.08219748099395
Uniform,3,retention_pct,10,90.52132709607557,90.9514552585918,87.48406487356576,93.5355031792381
Naive,2,last5,10,163.32807930157057,246.3914967347701,70.65075108196103,242.40686652020065
Naive,2,retention_pct,10,59.66222087409759,89.29775213794667,23.639621005739425,88.748529386598
Protected,1,last5,10,247.886527792579,252.53384484118646,234.4614954888301,259.38351094739073
Protected,1,retention_pct,10,89.26306813002354,90.1617857934256,84.77013095547659,93.31651323581193
