excluded_seed	x_order	loo_mean_delta	loo_median_delta	loo_wins	full_mean_delta
11	1	93.3322076073	6.05080403751	5	84.558448491
22	2	88.6589405687	5.59461644412	5	84.558448491
33	3	95.8024922489	6.05080403751	6	84.558448491
44	4	52.8024065604	5.59461644412	5	84.558448491
55	5	99.0923518918	6.05080403751	6	84.558448491
66	6	93.281520097	5.59461644412	5	84.558448491
77	7	94.7181016028	6.05080403751	6	84.558448491
88	8	97.8398437324	6.05080403751	6	84.558448491
99	9	74.6277366627	5.59461644412	5	84.558448491
111	10	55.4288839381	5.59461644412	5	84.558448491
