domain,method,router_type,phase,phase_order,n,q05,q10,q25,median,q75,q90,q95,mean
Crop,Anchored,raw_router,Early,1,200,-0,-0,-0,-0,1.49634166579e-31,1.46800774446e-06,0.000854863300528,0.0136158198471
Crop,Anchored,raw_router,Middle,2,200,-0,-0,-0,-0,1.1054228056e-40,1.10346857173e-06,0.00196963926213,0.00653806235211
Crop,Anchored,raw_router,Late,3,200,-0,-0,-0,1.40975329902e-43,1.22591422911e-28,3.82080413665e-22,2.70009642838e-16,0.00169111640153
HalfCheetah,AMAF,effective_gate,Early,1,479,0.000462548124187,0.00334076445022,0.0284521706858,0.159519668436,0.44759103106,0.675598272762,0.854899495347,0.265666878592
HalfCheetah,AMAF,effective_gate,Middle,2,477,7.24353827599e-05,0.000551169053981,0.00651767229624,0.0578978784359,0.277052822494,0.49493533879,0.594474795041,0.160554314491
HalfCheetah,AMAF,effective_gate,Late,3,470,5.24617103969e-10,8.74789663361e-08,2.58574728784e-05,0.00175696702431,0.0532457800125,0.340463764101,0.470819896896,0.0775250677486
Lunar,Protected,raw_router,Early,1,340,0.000481239025349,0.0079319534696,0.0689868699347,0.293653764201,0.514190374259,0.708742950884,0.811462599305,0.329107036324
Lunar,Protected,raw_router,Middle,2,330,0.000404243430553,0.00180315145045,0.014061438044,0.127709236006,0.365617158806,0.506429996499,0.593054517312,0.202060614236
Lunar,Protected,raw_router,Late,3,330,6.84218362131e-08,3.06044791937e-06,0.00161243011757,0.0540535709137,0.312027062313,0.500962609752,0.593669362529,0.170320072912
